,Unnamed: 0,index,Name,Lat,Lon,Date
0,0,59,241 Fire,33.7626,-117.7274,2015-07-13
1,1,73,3-11 Fire,41.29226,-121.172117,2015-07-23
2,2,74,3-12 Fire,40.856422,-121.101623,2015-07-23
3,3,113,36 Fire,40.3506868,-121.7786799,2015-08-08
4,4,93,Advance Fire,36.49845,-118.9009,2015-07-30
5,5,98,Anza Fire,33.5736,-116.5387,2015-08-10
6,6,53,Ascot Fire,38.1029,-122.1578,2015-07-10
7,7,16,Bald Fire,41.1513,-123.8292,2015-06-10
8,8,71,Baxter Fire,38.9361,-121.1548,2015-07-22
9,9,67,Betabel Fire,36.8727,-121.5681,2015-07-20
10,10,89,Big Creek Fire,37.823,-120.15644,2015-07-29
11,11,50,Black Fire,39.8448,-122.3638,2015-07-04
12,13,83,Buck Fire,40.1093,-123.774,2015-07-28
13,14,138,Butte Fire,38.32974,-120.70418,2015-09-09
14,15,84,Cabin Fire,36.24,-118.54,2015-07-19
15,16,37,Calgrove Fire ,34.361007,-118.535793,2015-06-24
16,17,136,Center Fire,40.400196,-120.553075,2015-09-09
17,18,19,Chiles Fire,38.5287,-122.3415,2015-06-16
18,19,88,China Fire,40.415108,-122.439939,2015-07-29
19,20,152,Cienega Fire,36.70854,-121.32734,2015-10-12
20,21,26,Cook Fire,39.2688,-121.26471,2015-06-18
21,22,60,Cooley Fire,41.8048,-122.5029,2015-07-13
22,23,29,Corrine Fire,37.165767,-119.523943,2015-06-18
23,24,40,Covelo Fire,39.7806004,-123.248214,2015-06-28
24,25,137,Creek Fire,40.400196,-120.553075,2015-09-09
25,26,119,Cuesta Fire,35.3477,-120.6269,2015-08-16
26,27,75,Cutca Fire,33.383889,-116.86861100000002,2015-07-24
27,28,112,De Luz Fire,33.4115972,-117.2886249,2015-08-09
28,29,56,Deer Fire,35.7183,-121.0157,2015-07-10
29,30,128,Democrat Fire,40.724898,-122.96174,2015-08-25
30,31,31,Dixie Fire,40.875667,-121.033667,2015-06-19
31,32,111,Dodge Fire,40.938,-120.105,2015-08-03
32,33,69,Dorris Fire,41.999341,-121.891226,2015-07-21
33,35,102,Fern Fire,40.67868,-121.93244,2015-08-02
34,36,6,Forebay Fire,37.08312,-121.06963,2015-05-11
35,37,21,Fork Fire,40.0133,-122.552,2015-06-17
36,38,105,Francis Fire,39.33303,-121.18735,2015-08-03
37,39,100,Frog Fire,41.399,-121.392,2015-07-30
38,40,153,Gibraltar Fire,34.4828,-119.63216,2015-10-29
39,41,123,Grade Fire,38.831478,-122.53428,2015-08-24
40,42,5,Highway Fire,33.884313,-117.642759,2015-04-18
41,43,121,Horse Fire,40.1058823,-124.0720419,2015-08-18
42,44,114,Jerusalem Fire,38.8142503,-122.4867319,2015-08-09
43,45,54,Keswick Fire,40.5953,-122.4397,2015-07-07
44,46,131,Kramer Fire ,41.12362,-121.194256,2015-08-29
45,47,72,Kyburz Fire,38.776,-120.404,2015-07-23
46,48,61,Lake Fire,33.21407,-116.73472,2015-07-16
47,49,23,Lake Fire,34.160277777778,-116.89277777778,2015-06-17
48,50,156,Laureles Fire,36.5696373,-121.7556029,2015-09-19
49,51,32,Loma Fire,37.974123,-121.833751,2015-06-24
50,52,78,Lowell Fire,39.192088,-120.88231299999998,2015-07-25
51,53,141,Lumpkin Fire,39.5218,-121.3363,2015-09-11
52,54,87,Mallard Fire,40.509552,-122.199227,2015-07-29
53,55,81,Mark Fire,38.052,-120.5577,2015-08-13
54,56,154,McCourtney Fire,39.081,-121.194,2015-09-22
55,57,94,Mendocino Lightning Fires,39.43301,-123.36316,2015-07-30
56,58,55,Mill 2 Fire,34.0783472,-117.0487863,2015-07-12
57,59,145,Munjar Fire,39.8707,-121.8938,2015-10-02
58,60,20,North Fire,38.260777,-121.135426,2015-06-16
59,61,63,North Fire,34.339,-117.478,2015-07-17
60,62,132,Oak Fire,38.04684,-120.30188,2015-09-08
61,64,3,Otay Fire,32.6449163,-116.9454387,2015-06-26
62,65,76,Park Fire,32.682547,-116.51684,2015-07-24
63,66,18,Pass Fire,35.77937,-120.19482,2015-06-15
64,67,126,Peterson Fire,38.925764,-122.879272,2015-08-22
65,68,65,Pines Fire ,34.367,-117.683,2015-07-17
66,69,39,Pleasure Fire,38.519132,-122.181878,2015-06-27
67,70,107,Point Fire,40.3929,-122.40546,2015-08-03
68,71,148,Potrero Fire,34.15,-118.879444,2015-11-07
69,72,79,Queen Fire,41.295667,-123.784067,2015-07-24
70,73,30,Red Fire,37.072561,-119.6958,2015-06-21
71,74,86,Rocky Fire,38.8863538,-122.4762475,2015-07-29
72,75,146,Rough Fire ,36.874,-118.905,2015-07-31
73,76,17,Saddle Fire ,40.924,-123.168,2015-06-10
74,77,52,Sky Fire,38.4113,-122.0789,2015-07-06
75,78,51,Soda Fire,39.0263,-123.303,2015-07-04
76,79,147,Solimar Fire,34.31953,-119.34512,2015-12-25
77,80,57,Spider Fire,33.986204,-117.43942,2015-07-12
78,81,92,Sprig Fire,40.49865,-122.20109,2015-07-30
79,82,0,Stephens Fire,41.485,-121.851,2015-02-24
80,83,38,Sterling Fire,34.165974,-117.243878,2015-06-25
81,84,82,Sullivan Fire,37.24523,-121.20324,2015-07-28
82,85,127,Summit Fire,34.23,-116.883,2015-08-23
83,86,85,Swedes Fire,39.43963,-121.38794,2015-07-29
84,87,155,Tassajara Fire,36.3699644,-121.589554,2015-09-19
85,88,122,Tesla Fire,37.3845,-121.3732,2015-08-19
86,89,68,Triple Fire,36.085212,-118.82423500000002,2015-07-21
87,90,90,Tulloch Fire,37.83618,-120.61691,2015-08-15
88,91,91,Vasco Fire,37.81629,-121.68113,2015-07-30
89,92,142,Walker Fire,40.47512,-122.52541,2015-09-11
90,93,4,Ward Fire,40.050833333333,-120.70166666667,2015-04-13
91,94,36,Washington Fire,38.598056,-119.751944,2015-06-19
92,95,103,White Fire,34.9522,-120.2903,2015-08-01
93,96,22,Wildcat Fire,32.9421,-116.8534,2015-06-17
94,97,80,Willow Fire,37.279722,-119.50014,2015-07-25
95,98,70,Wragg Fire,38.4994,-122.1145,2015-07-22
96,0,163,166 Fire,34.93442,-119.5795,2020-08-03
97,1,250,257 Fire,41.4435,-120.87054,2020-11-17
98,2,194,3-19 Fire,39.276,-123.013667,2020-08-18
99,3,181,3-2 Fire,35.519723,-120.801074,2020-08-16
100,4,187,4-8 Fire,39.555943,-122.5012461,2020-08-17
101,5,84,58 Fire,33.27665,-115.96594,2020-06-24
102,6,17,Acres Fire,37.11715,-119.982359,2020-05-21
103,7,23,Acres Fire,37.11806,-119.93221,2020-06-01
104,8,140,Adams Fire,39.922415,-120.025872,2020-07-27
105,9,252,Airport Fire,33.893351,-117.62109,2020-12-01
106,10,113,Alum Fire,37.37731,-121.79349,2020-07-11
107,11,24,Amoruso Fire,38.824371,-121.390862,2020-06-01
108,12,1,Antelope Fire,39.6923001,-120.3291855,2020-02-17
109,13,150,Apple Fire,33.99139,-116.9617,2020-07-31
110,14,184,August Complex (includes Doe Fire),39.776,-122.673,2020-08-16
111,15,87,Aurora Fire,38.22554,-119.00289,2020-06-26
112,16,93,Avacado Fire,39.3784,-121.4319,2020-06-30
113,17,60,Avila Fire,35.17977,-120.69959,2020-06-15
114,18,124,Badger Fire,41.79319,-122.69296,2020-07-18
115,19,68,Baker Fire,35.27678,-118.6894,2020-06-17
116,20,7,Baker Fire,39.45493,-121.12381,2020-03-03
117,21,11,Bar Fire,40.63442,-122.97693,2020-04-25
118,22,4,Baseball Fire,39.75638899,-122.94111111,2020-02-25
119,23,186,Beach Fire ,37.919382,-119.010655,2020-08-17
120,24,160,Beale Fire,39.11307,-121.38178,2020-08-02
121,25,0,Bear Fire ,40.511092,-123.6378411,2020-02-15
122,26,2,Beegum Fire,40.33583333,-122.84722222,2020-02-23
123,27,192,Bell Fire,38.183,-119.869,2020-08-18
124,28,120,Ben Fire,37.423190000000005,-119.95807,2020-07-15
125,29,95,Bena Fire,35.310132,-118.702732,2020-07-01
126,30,86,Bend Fire,35.30742,-119.88048,2020-06-25
127,31,61,Bitter Fire ,36.3011,-120.92925,2020-06-16
128,32,38,Bitterwater Fire,36.2644,-121.0781,2020-06-07
129,33,247,Blue Ridge Fire ,33.877257,-117.675067,2020-10-26
130,34,97,Bonadelle Fire,36.967854200000005,-119.9252132,2020-07-02
131,35,254,Bond Fire,33.743842,-117.674967,2020-12-02
132,36,143,Border 11 Fire,32.62212,-116.77048,2020-07-28
133,37,52,Border 7 Fire,32.580882,-116.690712,2020-06-11
134,38,42,Bradley Fire ,35.94979,-120.81508999999998,2020-06-08
135,39,144,Branch Fire,35.35146,-120.00521,2020-07-28
136,40,110,Brandon Fire,38.58488,-120.941267,2020-07-07
137,41,30,Brock Fire,40.837885,-122.097933,2020-06-04
138,42,145,Brook Fire,34.25143,-117.45479,2020-07-29
139,43,237,Bruder Fire,34.014728000000005,-117.138078,2020-10-15
140,44,223,Bullfrog Fire,37.135474,-119.027309,2020-09-12
141,45,198,Butte/Tehama/Glenn Lightning Complex (Tehama/Glenn Zone) ,40.09571,-122.4393,2020-08-19
142,46,12,Byron Fire,37.82066,-121.595225,2020-04-27
143,47,190,CZU Lightning Complex (Including Warnella Fire) ,37.17162,-122.22275,2020-08-16
144,48,107,California Fire,38.02996,-122.25471,2020-07-06
145,49,238,Cameron Fire,38.659387,-120.964726,2020-10-18
146,50,15,Candy Fire,39.42208,-121.47273,2020-05-08
147,51,230,Candy Fire,33.764357000000004,-117.374419,2020-09-29
148,52,193,Carmel Fire,36.4463,-121.68181,2020-08-18
149,53,173,Carrizo Fire,35.308259,-119.987565,2020-08-12
150,54,9,Carter Fire ,32.93432,-115.5865,2020-04-04
151,55,117,Casino Fire,33.48429,-116.83552,2020-07-13
152,56,153,Castaic Fire,34.51853,-118.59699,2020-08-01
153,57,213,Catholic Fire,39.012743,-122.637037,2020-09-01
154,58,253,Cerritos Fire,33.773754,-117.05146299999998,2020-12-03
155,59,177,Clark Fire,39.647686,-121.633994,2020-08-14
156,60,146,Clay Fire,38.403290000000005,-121.17197,2020-07-29
157,61,31,Colleen Fire,37.229703,-121.851895,2020-06-04
158,62,231,Copper Fire ,38.49375,-121.003602,2020-09-30
159,63,257,Cornell Fire,34.336220000000004,-119.078,2020-12-07
160,64,56,Cornetts Fire,37.40827,-120.08522,2020-06-13
161,65,103,Cotton Fire,37.091637,-121.086625,2020-07-05
162,66,139,Cottonwood Fire,37.083806,-121.101634,2020-07-27
163,67,151,Cowhead Fire,41.52261,-120.17183,2020-07-31
164,68,202,Coyote Fire,37.18725,-121.68465,2020-08-21
165,69,119,Coyote Fire,36.653,-121.04401,2020-07-15
166,70,196,Creek Fire,39.8174372,-123.2111007,2020-08-18
167,71,214,Creek Fire,37.19147,-119.261175,2020-09-04
168,72,259,Creek Fire,33.40047,-117.25023,2020-12-23
169,74,105,Crews Fire,37.034839,-121.501532,2020-07-05
170,75,45,Cronan Fire ,38.827755,-120.988571,2020-06-09
171,76,248,Cypress Fire,34.03343,-117.51476,2020-11-01
172,77,148,Dam Fire,34.17363,-117.889503,2020-07-30
173,78,57,Dawson Fire ,33.776033,-117.461925,2020-06-13
174,79,243,Dersch Fire,40.47646,-122.18102,2020-10-25
175,80,85,Diablo Fire,37.46265,-121.18355,2020-06-25
176,81,236,Diamond Fire,37.98337,-120.64541,2020-10-13
177,82,59,Drum Fire,34.63309,-120.28867,2020-06-14
178,83,169,Duluth Fire,38.81111,-121.318472,2020-08-10
179,84,74,East Fire,41.5017,-120.54161,2020-06-20
180,85,131,Easton Fire,34.135626,-117.192142,2020-07-20
181,86,215,El Dorado Fire,34.08056,-116.98669,2020-09-05
182,87,48,Elizabeth Fire,34.29475,-119.17808,2020-06-10
183,88,182,Elk Fire,39.52452,-122.427358,2020-08-16
184,89,115,Elliot Fire,33.623968,-117.108421,2020-07-13
185,90,161,Elsmere Fire,34.3428,-118.49731,2020-08-03
186,91,176,Feather Fire,39.716713,-120.88943799999998,2020-08-13
187,92,129,Feather Fire,39.506597,-121.604579,2020-07-20
188,93,239,Ferry Fire,39.516940000000005,-121.54475,2020-10-22
189,94,234,Fields Fire ,39.181047,-121.450982,2020-10-07
190,95,94,Flat Fire,40.791509000000005,-123.437051,2020-06-30
191,96,199,Flint Fire,38.03106,-120.85258,2020-08-19
192,97,70,Fork Fire,36.37085,-118.845123,2020-06-18
193,98,218,Fork Fire,38.99,-120.394,2020-09-08
194,99,166,Fort Fire,34.93929,-118.92967,2020-08-06
195,100,224,Fox Fire,41.211022,-122.847359,2020-09-16
196,101,91,Gage Fire,35.69993,-120.96759,2020-06-28
197,102,16,Gilman Fire,33.861054,-117.02411399999998,2020-05-18
198,103,227,Glass Fire,38.56295,-122.49745,2020-09-27
199,104,127,Gold Fire,41.11037,-120.923293,2020-07-20
200,105,78,Grade Fire ,36.5537,-119.19677,2020-06-22
201,106,41,Grand Fire,33.638067,-117.37581000000002,2020-06-08
202,107,54,Grant Fire,38.520981,-121.201927,2020-06-12
203,108,5,Grizzly Fire,39.774968,-122.384532,2020-03-02
204,109,35,Gulch Fire,38.216134,-122.536406,2020-06-06
205,110,66,Gyle Fire,40.000132,-122.205628,2020-06-17
206,111,20,Harley Fire,33.83167,-117.34933999999998,2020-05-28
207,112,210,Hensley Fire ,37.08053,-119.88673,2020-08-30
208,113,136,Hill Fire,39.013591,-122.35966299999998,2020-07-24
209,114,180,Hills Fire,36.09876,-120.427342,2020-08-15
210,115,211,Hobo Fire ,40.82126,-123.12461,2020-09-01
211,116,55,Hog Fire,36.82276,-119.36572,2020-06-12
212,117,125,Hog Fire,40.420886,-120.86375,2020-07-18
213,118,130,Holland Fire ,37.977309000000005,-121.620238,2020-07-20
214,119,14,Hollister Fire,34.47438,-120.29379,2020-05-07
215,120,122,Hollow Fire,37.640440000000005,-121.59374,2020-07-16
216,121,188,Holser Fire,34.438759000000005,-118.758965,2020-08-17
217,122,73,Honcut Fire,39.36894,-121.53976000000002,2020-06-20
218,124,26,Horn Fire ,40.809323,-120.288882,2020-06-02
219,125,76,Hunter Fire,35.90835,-121.08753,2020-06-21
220,126,39,Hunters Fire,37.61955,-120.215454,2020-06-07
221,127,47,India Fire,33.37579,-117.47166,2020-06-09
222,128,88,Indian Fire,33.565093,-116.750925,2020-06-26
223,129,13,Interstate 5 Fire,36.075003,-120.106407,2020-05-03
224,130,138,Ione Fire ,38.420382,-121.044895,2020-07-26
225,131,133,Iris Fire,37.518879,-118.711135,2020-07-21
226,132,235,Irvine Fire,37.821737,-122.104314,2020-10-11
227,133,135,Jack Fire,33.93327,-117.033124,2020-07-24
228,134,209,Johnson Fire ,34.65979,-118.36411,2020-08-28
229,135,185,Jones Fire,39.29241,-121.100352,2020-08-17
230,136,134,July Complex,41.699,-121.477,2020-07-24
231,137,32,Karchner Fire,38.98487,-121.340239,2020-06-05
232,138,137,Karen Fire,34.028116,-117.429598,2020-07-25
233,139,104,Kings Fire,36.750186,-119.116536,2020-07-05
234,140,197,LNU Lightning Complex (includes Hennesse,38.48193,-122.14864,2020-08-17
235,141,101,Lake Fire,35.351065000000006,-120.00485,2020-07-05
236,142,172,Lake Fire,34.679,-118.452,2020-08-12
237,143,33,Lakeville Fire,38.224849,-122.549816,2020-06-05
238,144,233,Lambert Fire,38.424016,-121.006635,2020-10-04
239,145,65,Liberty Fire,38.23432,-121.20828,2020-06-17
240,146,50,Lime Fire,34.46182,-118.77347,2020-06-10
241,147,142,Lincoln Fire,40.78804,-124.19953999999998,2020-07-27
242,148,178,Loyalton Fire,39.702438,-120.143473,2020-08-14
243,149,6,Mann Fire,33.969570000000004,-117.51793,2020-03-03
244,150,229,Martindale Fire ,34.563,-118.4,2020-09-28
245,151,34,McGary Fire ,38.196893,-122.15631299999998,2020-06-05
246,152,174,Meiss Fire,38.474502,-121.172572,2020-08-13
247,153,128,Milepost 21 Fire,41.1849445,-123.6986222,2020-07-20
248,154,168,Mina Fire,39.82454,-123.262437,2020-08-10
249,155,118,Mineral Fire,36.09493,-120.52193,2020-07-13
250,156,200,Moc Fire,37.813779,-120.312565,2020-08-20
251,157,99,Mount R Fire,34.182436,-117.124353,2020-07-03
252,158,109,Mountain Meadow Fire ,38.21614,-122.12447,2020-07-06
253,159,251,Mountain View Fire,38.51474,-119.46778,2020-11-17
254,160,92,Muck Fire ,41.0336731,-121.2199939,2020-06-29
255,161,189,Murphy Fire,38.840068,-120.876546,2020-08-17
256,162,111,Nail Fire,39.35498,-122.65813,2020-07-07
257,163,25,Nash Fire,39.1296,-123.48018,2020-06-01
258,164,69,Nelson Fire,38.89178,-121.33956,2020-06-18
259,165,64,Nelson Fire ,39.52408,-121.60037,2020-06-17
260,166,157,North Fire,40.36764,-120.44811,2020-08-02
261,167,217,Oak Fire,39.4935,-123.3965,2020-09-07
262,168,44,Oak Fire,33.78275,-116.89655,2020-06-08
263,169,244,Olinda Fire,40.41486,-122.342,2020-10-25
264,170,102,Park Fire,37.166733,-121.567505,2020-07-05
265,171,165,Pass Fire,35.61521,-120.40457,2020-08-04
266,172,90,Pass Fire,37.06641,-121.21912,2020-06-28
267,173,108,Patterson Fire,37.719840000000005,-121.53524,2020-07-06
268,174,208,Perry Fire,38.8825,-121.10411,2020-08-26
269,175,123,Pitzer Fire,34.39464,-116.97557,2020-07-17
270,176,206,Placer Fire,35.433519700000005,-120.12432959999998,2020-08-25
271,177,126,Platina Fire,40.462621,-122.792645,2020-07-19
272,178,89,Poeville Fire,39.32596,-119.81098,2020-06-27
273,179,246,Point Fire (Placer County),39.009454,-120.488892,2020-10-26
274,180,242,Point Fire (Shasta and Tehama County),40.38869,-122.39033,2020-10-25
275,181,154,Pond Fire,35.43128,-120.47346,2020-08-01
276,182,232,Pony Fire,38.464074,-121.03923600000002,2020-10-03
277,183,241,Pope Fire,38.56184,-122.37828,2020-10-23
278,184,159,Post Fire,34.044470000000004,-118.21608,2020-08-02
279,185,114,Power Fire,37.1487,-119.50307,2020-07-11
280,186,36,Quail Fire,38.470809,-122.038208,2020-06-06
281,187,75,Quarter Fire,38.082640000000005,-120.20316,2020-06-21
282,188,170,R-1 Fire,40.590714,-120.549595,2020-08-11
283,189,82,R-2 Fire,40.43203,-120.28147,2020-06-23
284,190,83,R-3 Fire,40.44793,-120.04635,2020-06-24
285,191,207,R-8 Pinecone Fire ,40.773,-120.536,2020-08-26
286,192,147,Rabbit Fire,33.934137,-117.034461,2020-07-30
287,193,132,Rabbit Fire ,37.118075,-119.932391,2020-07-20
288,194,175,Ranch 2 Fire,34.160265,-117.910498,2020-08-13
289,195,19,Range Fire,35.34237,-120.70524,2020-05-27
290,196,10,Red Fire ,40.09554,-122.43905,2020-04-23
291,197,240,Redwood Fire,40.55823,-123.88658,2020-10-23
292,198,62,Riata Fire ,35.40953,-120.56823,2020-06-16
293,199,79,Rico Fire ,35.9789,-120.87858,2020-06-22
294,200,67,Ridge Fire,35.9497,-121.42113,2020-06-17
295,201,141,Ridge Fire,34.75844,-118.72004,2020-07-27
296,202,183,River Fire,36.60239,-121.62161,2020-08-16
297,203,80,River Fire,35.62906,-120.68326,2020-06-22
298,204,116,Robinson Fire,39.43227,-121.37994,2020-07-13
299,205,96,Rowher Fire,34.542742,-118.324601,2020-07-01
300,206,191,SCU Lightning Complex,37.439437,-121.30435,2020-08-18
301,207,195,Salt Fire,38.027921,-120.763258,2020-08-18
302,208,225,San Antonio Fire ,34.773809,-120.491594,2020-09-16
303,209,249,San Dimas Fire,34.146195,-117.778561,2020-11-06
304,210,258,Sanderson Fire,33.93244,-117.03459,2020-12-13
305,211,221,Schoolhouse Fire,41.68229,-122.84057,2020-09-09
306,213,222,Shackleford Fire,41.575549,-123.021635,2020-09-11
307,214,149,Sheep Fire,35.143570000000004,-118.7933,2020-07-30
308,215,203,Sheep Fire ,40.274,-120.757,2020-08-22
309,216,100,Sheridan Fire,37.536015,-121.876277,2020-07-04
310,217,43,Sierra Fire,33.82925,-117.46036,2020-06-08
311,218,29,Silver Fire,37.329163,-121.726223,2020-06-04
312,219,245,Silverado Fire ,33.73614,-117.65719,2020-10-26
313,220,158,Sites Fire ,39.31313,-122.48525,2020-08-02
314,221,51,Skyline Fire,32.73044,-116.7862,2020-06-11
315,222,212,Slink Fire,38.568000000000005,-119.568,2020-09-01
316,223,27,Smoketree Fire,33.782532,-116.524014,2020-06-02
317,224,226,Snow Fire ,33.88831,-116.68386,2020-09-17
318,225,171,Soda Fire,34.962524,-119.444977,2020-08-12
319,226,49,Soda Fire,35.35146,-120.00521,2020-06-10
320,227,98,Soda Fire ,35.393889,-120.053275,2020-07-03
321,228,106,Soledad Fire,34.467915000000005,-118.328877,2020-07-05
322,229,155,Sophia Fire,38.686478,-121.103299,2020-08-02
323,230,8,South Main Fire,33.65263,-117.40906,2020-03-06
324,231,18,Spanish Fire ,38.697834,-122.403634,2020-05-22
325,232,40,Sperry Fire,37.463636,-121.16483,2020-06-08
326,233,220,Sperry Fire,37.46377,-121.18018,2020-09-08
327,234,72,Springs Fire,35.89133,-118.8613,2020-06-19
328,235,77,Stage Fire,36.69845,-121.57407,2020-06-21
329,236,162,Stagecoach Fire,35.430440000000004,-118.53361,2020-08-03
330,237,152,Stump Fire,40.34659,-121.6415,2020-08-01
331,238,81,Sycamore Fire,36.97511,-119.33438999999998,2020-06-23
332,239,71,Teddy Fire,39.37577,-121.45372,2020-06-18
333,241,256,Thomas Fire,41.591948,-120.374514,2020-12-03
334,242,164,Trimmer Fire,36.90933,-119.2439,2020-08-04
335,243,112,Tripp Fire ,33.551838000000004,-116.7464168,2020-07-09
336,244,216,Valley Fire,32.765615000000004,-116.692705,2020-09-05
337,245,121,Valley Fire ,39.10112,-121.33589,2020-07-15
338,246,46,Vineyard Fire ,38.89695,-123.21318,2020-06-09
339,247,201,Volcano Fire,33.454896000000005,-117.328234,2020-08-20
340,248,204,W-5 Cold Springs,41.028611,-120.281389,2020-08-23
341,249,63,Walker Fire,38.07741,-120.72958,2020-06-16
342,250,156,Water Fire,33.924086,-116.641846,2020-08-02
343,251,53,Watt Fire,38.733421,-121.378879,2020-06-11
344,252,179,Whale Fire,35.472114000000005,-120.856731,2020-08-15
345,253,28,Wildlife Fire,38.232281,-122.042199,2020-06-03
346,254,219,Willow Fire,39.3637,-121.32361000000002,2020-09-09
347,255,255,Willow Fire,32.75277778,-116.9075,2020-12-02
348,256,37,Willow Fire ,37.994368,-122.002811,2020-06-06
349,257,3,Wood Fire,40.62155,-120.49392,2020-02-23
350,258,205,Woodward Fire,38.018089,-122.836701,2020-08-18
351,259,228,Zogg Fire,40.53927,-122.56656,2020-09-27
352,0,39,152 Fire,37.03776,-121.006939,2013-06-04
353,1,13,306 Fire,39.514139,-122.560862,2013-05-01
354,2,90,50 Fire,38.63987,-121.08438,2013-07-19
355,3,18,54 Fire,33.655638,-116.161201,2013-05-16
356,4,68,Adelaida Fire,35.62743,-120.83417,2013-07-07
357,5,106,American Fire,39.12,-120.65,2013-08-10
358,6,125,Angora Fire,36.258,-118.459,2013-09-08
359,7,78,Aspen Fire,37.279,-119.318,2013-07-22
360,8,144,Baker Fire,33.7655,-117.6649,2013-10-06
361,9,26,Border Fire,32.564465000000006,-116.900368,2013-05-22
362,10,81,Branch Fire,39.6612,-121.50354,2013-08-01
363,11,34,Branch Fire,35.15832,-120.05131000000002,2013-06-01
364,12,111,Bridges Fire,38.06231,-120.45233,2013-08-17
365,13,153,Bruner Fire,39.0448,-122.7656,2013-11-23
366,14,116,Burney Lightning Series (Warner Fire),40.5445,-121.3754,2013-08-19
367,15,54,California Fire,38.08744,-122.13802,2013-06-18
368,16,148,Cantwell Fire,38.882214000000005,-122.567525,2013-11-08
369,17,145,Capay Fire,38.67479,-122.08725,2013-11-04
370,18,49,Carstens Fire,37.58202,-119.91071,2013-06-16
371,19,130,Centerville Fire,39.731878,-121.71393799999998,2013-08-31
372,20,67,Chariot Fire,32.95435,-116.47381,2013-07-06
373,21,22,Cherry Fire,33.96201,-116.90721299999998,2013-05-20
374,22,123,Chestnut Fire,37.667295,-122.427285,2013-09-07
375,23,93,Chuckwagon Fire,37.965364,-120.696362,2013-07-22
376,24,112,Cleghorn Fire,34.287,-117.451,2013-08-17
377,25,48,Clinton Fire,36.772425,-119.62838899999998,2013-06-13
378,26,113,Clover Fire,40.498332,-122.535496,2013-09-09
379,27,104,Cloverdale Fire,40.473356,-122.48259,2013-08-14
380,28,59,Concord Fire,39.90465,-121.74367,2013-07-01
381,29,100,Corral Complex,41.035,-123.488,2013-08-10
382,30,21,Cottontail Fire,35.49864,-120.91375,2013-05-20
383,31,101,Cottonwood Fire,41.923323,-122.578393,2013-08-15
384,32,108,Coyote Fire,40.88886,-120.958126,2013-08-09
385,33,141,Crane Fire,38.34599,-122.6503,2013-10-04
386,34,136,Creek Fire,35.4393,-120.8358,2013-09-24
387,35,154,Dam Fire,38.9289,-122.5818,2013-11-23
388,36,128,Davis Creek Complex,41.73325,-120.375,2013-09-05
389,37,142,DeLuz Fire,33.341,-117.3092,2013-10-05
390,38,118,Deer Fire,40.04263,-121.85397,2013-08-23
391,39,146,Dersch Fire,40.483662,-122.140914,2013-11-07
392,40,73,Diablo Fire,37.436,-121.1955,2013-07-12
393,41,110,Double Fire,39.013682,-122.491894,2013-08-16
394,42,121,Empire Fire,38.89555,-120.84716,2013-08-24
395,43,66,Fallon Fire,37.74241,-121.86216,2013-07-06
396,44,96,Falls Fire,33.62236,-117.40288,2013-08-05
397,45,4,Fawnskin Fire,34.288877,-116.941311,2013-04-20
398,46,70,Fiddler Fire,40.373000000000005,-122.7338,2013-07-09
399,47,120,Fish Fire,36.208,-118.444,2013-08-24
400,48,77,Flume Fire,32.612773,-116.707335,2013-07-28
401,49,63,Fox Fire (formally 3-7 Fire),41.2415,-121.035,2013-07-03
402,50,60,Freeman Fire,36.1531,-120.8973,2013-06-29
403,51,30,General Fire,33.04458,-116.5209,2013-05-26
404,52,56,George Fire,36.7218,-119.2248,2013-06-25
405,53,92,Gilman Fire,33.94528,-117.09306,2013-07-19
406,54,119,Gobblers Fire,34.302,-117.598,2013-08-20
407,55,5,Gold Fire,37.116295,-119.635004,2013-04-30
408,56,16,Gorgonio Fire,33.894055,-116.855019,2013-05-04
409,57,17,Grand Fire,34.7861,-118.9411,2013-05-15
410,58,158,Grant Fire,37.342186,-121.717706,2013-12-31
411,59,65,Grant Fire,37.7393,-121.5869,2013-07-04
412,60,37,Hathaway Fire,33.99647,-116.84137,2013-06-09
413,61,91,Heacock Fire,33.9634,-117.2508,2013-07-19
414,62,138,Highland Fire,38.9252,-122.966,2013-09-28
415,63,28,Homestead Fire,35.5123,-120.6368,2013-05-25
416,64,98,Indian Fire,39.1591,-122.5906,2013-08-07
417,65,61,Kirker Fire,37.96866,-121.91453,2013-07-01
418,66,71,Kyburz Fire,38.774,-120.298,2013-07-08
419,67,19,Lake Fire,34.49149,-118.610044,2013-05-17
420,68,40,Lake Fire,38.99233,-122.703193,2013-06-05
421,69,135,Lakeshore Fire,38.9777,-122.683,2013-09-15
422,70,89,Lakeville Fire,38.17693,-122.51253,2013-07-26
423,71,20,Lilly 2 Fire,37.1927,-119.7917,2013-05-19
424,72,122,Little Fire,33.642,-116.706,2013-08-24
425,73,126,Liveoak Fire,34.003151,-117.106075,2013-09-11
426,74,36,Lone Fire,39.434183,-121.576804,2013-06-03
427,75,133,Lyon Fire,32.710918,-116.746023,2013-09-09
428,76,15,Lytle Fire,34.1834,-117.4408,2013-05-13
429,77,127,Madre Fire,34.149,-117.908,2013-09-23
430,78,32,Magic Fire,34.419284000000005,-118.58688,2013-05-28
431,79,152,McCabe Fire,38.8167,-122.8498,2013-11-22
432,80,69,McGanney Fire,39.206,-121.31634,2013-07-08
433,81,51,Michelle Fire,36.763367,-119.558244,2013-06-13
434,82,58,Mills Fire,34.071556,-117.048397,2013-06-28
435,83,124,Morgan Fire,37.90757,-121.882582,2013-09-08
436,84,57,Mount Fire,38.98058,-122.81796,2013-06-20
437,85,74,Mountain Fire,33.7095,-116.72885,2013-07-15
438,86,35,Murphy Fire,37.91529,-120.33313,2013-06-02
439,87,44,Northern California Lightning Activity,39.9845,-121.5747,2013-06-10
440,88,62,Northern Region July Lightning,39.9845,-121.5747,2013-07-02
441,89,33,Olive Fire,34.611824,-120.074655,2013-05-28
442,90,75,Orleans Complex,41.333,-123.376,2013-08-03
443,91,50,PFE Fire,38.729297,-121.380862,2013-06-13
444,92,52,Palmyrita Fire,34.001745,-117.302057,2013-06-14
445,93,6,Panther Fire,40.190062,-121.595555,2013-05-01
446,94,88,Paskenta Fire,39.961309,-122.330879,2013-07-19
447,95,109,Pierce Fire,33.570291,-116.10815,2013-08-16
448,96,114,Plumas Lightning Complex (Hough),40.00842,-120.764666,2013-08-18
449,97,95,Power Fire,38.25108,-120.02778,2013-08-05
450,98,41,Powerhouse Fire,34.585595,-118.423176,2013-05-30
451,99,86,Pratt Fire,38.980846,-123.067671,2013-07-23
452,100,139,Putah Fire,38.628,-122.289,2013-10-03
453,101,131,Rail Fire,41.569,-120.959,2013-09-07
454,102,87,Rancho Fire,34.882,-118.9194,2013-07-19
455,103,82,Redlands Fire,33.990128000000006,-117.164997,2013-07-16
456,104,83,Relay Fire,33.910270000000004,-116.99895,2013-08-04
457,105,151,Retek Fire,39.0442,-123.1478,2013-11-22
458,106,46,Revis Fire,37.169379,-119.75636000000002,2013-06-12
459,107,132,Rim Fire,37.857,-120.086,2013-08-17
460,108,1,River Fire,36.602575,-118.01651,2013-02-24
461,109,45,Roadrunner Fire,38.27783,-120.966016,2013-06-12
462,110,53,Rolling Fire,37.015575,-119.78106,2013-06-16
463,111,80,Salmon River Complex,41.32,-123.176,2013-07-31
464,112,27,San Felipe Fire,33.121109999999994,-116.52579,2013-05-23
465,113,103,Sharp Fire,34.35,-117.62,2013-08-08
466,114,25,Shelton Fire,38.04993,-120.90325,2013-05-30
467,115,115,Shirley Fire,35.707,-118.588,2013-08-18
468,116,117,Sierra Fire,34.2,-117.417,2013-09-24
469,117,55,Sierra Fire,37.03087,-119.463757,2013-06-17
470,118,99,Silver Fire,33.86157,-116.90427,2013-08-07
471,119,7,Silverado Fire,38.441792,-122.350844,2013-04-30
472,120,149,Silverado Fire,38.382,-122.311,2013-11-21
473,121,76,Silverwood Fire,34.316,-117.352,2013-07-25
474,122,29,Smiley Fire,33.963591,-117.187934,2013-05-25
475,123,38,Sonoma-Lake-Napa Unit Lightning Fires,38.4229,-122.0437,2013-06-10
476,124,10,Summit Fire,34.288877,-116.941311,2013-05-01
477,125,143,Summit Fire,39.439,-121.497,2013-10-04
478,126,105,Swedes Fire,39.446268,-121.38236,2013-08-16
479,127,147,Toro Fire,35.457978000000004,-120.751555,2013-11-08
480,129,11,Tres Pinos Fire,37.160346,-120.937494,2013-05-03
481,130,129,Tyler Fire,39.333401,-121.107022,2013-08-31
482,131,102,Union Fire,38.682378,-120.839075,2013-08-16
483,132,72,Uvas Fire,37.1438,-121.7804,2013-07-12
484,133,42,Vasco Fire,37.775057,-121.73721299999998,2013-06-08
485,134,64,Vina Fire,40.012398,-122.079871,2013-07-04
486,135,43,Viper Fire,33.969359999999995,-117.1265,2013-06-08
487,136,23,Water Fire,33.9582,-116.6534,2013-05-21
488,137,85,Water Fire,34.90327,-118.93388,2013-07-23
489,138,150,Wheeler Fire,34.384,-119.13249,2013-11-14
490,139,31,White Fire,34.55048,-119.82429,2013-05-27
491,140,8,Yellow Fire,38.638828,-122.655616,2013-05-01
492,0,28,59 Fire,37.76617,-120.45087,2014-06-04
493,1,66,Bald Fire,40.901,-121.368,2014-07-30
494,2,98,Bald Hill 3 Fire,41.13399999999999,-123.753,2014-09-12
495,3,110,Bane Fire,33.93869,-117.70643,2014-10-16
496,4,52,Banner Fire,33.078948,-116.576454,2014-07-03
497,5,14,Bernardo Fire,33.003,-117.133,2014-05-13
498,6,45,Bible Fire,38.608336,-120.70323799999998,2014-07-09
499,7,87,Boca Fire,39.3918,-120.0805,2014-08-18
500,8,109,Boles Fire,41.423840000000006,-122.37432,2014-09-15
501,9,84,Border Fire,32.59154,-116.89516,2014-08-16
502,10,11,Bridges Fire,37.399,-118.352,2014-04-19
503,11,46,Bully Fire,40.4314,-122.750788,2014-07-11
504,12,44,Butts Fire,38.664,-122.454,2014-07-01
505,13,1,Campbell Fire,40.134597,-121.790183,2014-01-02
506,14,112,Cascade Fire,38.9195001,-120.1140659,2014-09-25
507,15,54,Cassel Fire,40.5719,-121.3415,2014-07-05
508,16,21,Cocos Fire,33.1137,-117.1599,2014-05-14
509,17,74,Coffee Fire,41.141000000000005,-122.805,2014-07-30
510,18,2,Colby Fire,34.1703,-117.8816,2014-01-16
511,19,108,Courtney Fire,37.311915,-119.604124,2014-09-14
512,20,67,Day Fire,41.1336,-121.2144,2014-07-30
513,21,107,Dog Bar Fire,39.113682,-120.999508,2014-09-13
514,23,57,Dry Fire,40.6569,-122.2215,2014-07-09
515,24,73,Eiler Fire,40.72,-121.562,2014-07-31
516,25,9,Encinal Fire,36.6313,-121.4819,2014-03-19
517,26,12,Etiwanda Fire,34.169346000000004,-117.547374,2014-04-30
518,27,20,Fiddler Fire,40.39,-122.721,2014-05-14
519,28,48,Gulch Fire,41.489,-120.904,2014-07-03
520,29,91,Gulch Fire,40.7101,-122.171,2014-09-10
521,30,7,Gun Fire,32.81,-116.49,2014-03-08
522,31,37,Haigh Fire,37.7103,-120.197,2014-06-10
523,32,34,Hall Fire,36.742747,-119.241493,2014-06-11
524,33,83,Happy Camp Complex,41.79600000000001,-123.374,2014-08-11
525,34,31,Hetch Hetchy Fire,37.787,-120.452,2014-06-05
526,35,19,Highway Fire,33.312,-117.162,2014-05-14
527,36,56,Hutto Fire,39.1871,-121.2687,2014-07-07
528,37,26,Indian Fire,39.1647,-122.5983,2014-05-25
529,38,55,Interlake Fire,35.8218,-121.0226,2014-07-07
530,39,111,Irene Fire,38.59,-120.028,2014-09-14
531,40,95,Jackson Fire,37.8316,-120.3434,2014-09-04
532,41,13,Jacumba Fire,32.665,-116.222,2014-05-05
533,42,81,Junction Fire,37.3433,-119.6581,2014-08-18
534,43,105,King Fire,38.805437,-120.629714,2014-09-13
535,44,6,Lake Fire,36.8266,-119.3415,2014-01-25
536,46,75,Little Deer Fire,41.682,-122.127,2014-07-31
537,47,82,Little Fire,41.507,-121.266,2014-08-12
538,48,53,Marsh Fire,37.5359,-121.5118,2014-07-11
539,49,16,Miguelito Fire,34.609,-120.454,2014-05-13
540,50,50,Modoc Lightning Complex,41.89,-120.79,2014-07-01
541,51,47,Monticello Fire,38.512,-122.104,2014-07-04
542,52,35,Morgan Fire,36.991825,-119.525506,2014-06-09
543,53,58,Nicolls Fire ,35.642,-118.15,2014-07-11
544,54,36,Norman Fire,38.453,-121.999,2014-06-12
545,55,42,Oak Fire,38.058,-120.66,2014-06-22
546,56,89,Oregon Fire,40.7412,-122.946,2014-08-24
547,57,72,Oregon Gulch Fire (part of the Beaver Complex),42.048,-122.345,2014-07-30
548,59,25,Poinsettia Fire,33.1109,-117.279,2014-05-14
549,60,4,Red Fire,40.884415,-123.773779,2014-01-04
550,61,41,Reed Fire,38.178241,-120.679019,2014-06-20
551,62,15,San Lucas Fire,36.103,-121.117,2014-04-30
552,63,18,San Mateo Fire,33.417572,-117.550567,2014-05-16
553,64,64,Sand Fire,38.5691,-120.7819,2014-07-25
554,65,38,Shirley Fire,35.70683,-118.555527,2014-06-13
555,66,85,Shoemaker Fire,34.235,-117.771,2014-08-14
556,67,106,Silverado Fire,33.748000000000005,-117.601,2014-09-12
557,68,101,Stage Coach Fire,38.695961,-122.384054,2014-09-11
558,69,86,Tecolote Fire,34.267,-117.867,2014-08-17
559,70,39,Tehama Fire,40.009827,-122.345078,2014-06-13
560,71,17,Tomahawk Fire,33.3529,-117.284889,2014-05-14
561,72,10,Van Buren Fire,33.5982,-116.1985,2014-03-28
562,73,88,Way Fire,35.7206,-118.4747,2014-08-18
563,74,51,West Fire,40.41,-123.24,2014-07-01
564,75,61,Wildlife Fire,39.4664,-121.6129,2014-07-14
565,0,13,70 Fire,39.624017,-121.595093,2016-05-29
566,1,48,70 Fire,39.43351,-121.6051,2016-06-21
567,2,114,99 Fire,39.6708,-121.7192,2016-08-02
568,3,69,Appaloosa Fire,38.02845,-120.61153,2016-07-02
569,4,39,Arroyo Fire,36.2833,-121.3306,2016-06-18
570,5,18,Athens Fire,38.8390117,-121.3090268,2016-05-17
571,6,163,Auburn Fire,39.20427,-121.05948,2016-09-17
572,7,30,Aukum Fire,38.64107,-120.6955,2016-06-03
573,8,17,Avocado Fire,36.787690000000005,-119.38248,2016-05-15
574,9,85,Bailey Fire,41.96191,-122.59328,2016-07-19
575,10,113,Baker Fire,40.19611,-122.26736,2016-08-03
576,11,88,Baker Fire,37.98171,-120.64241,2016-07-21
577,12,169,Bangor Fire,39.4403,-121.42647,2016-09-22
578,13,141,Beale Fire,36.16965,-121.38775,2016-08-18
579,14,171,Bell Fire,38.5212,-120.8416,2016-09-23
580,15,58,Big Fire,36.92244,-119.39619,2016-07-11
581,16,147,Bird Fire,37.62215,-121.36665,2016-08-20
582,17,129,Blue Cut Fire,34.30372,-117.49342,2016-08-16
583,18,38,Border Fire,32.60729,-116.63028,2016-06-19
584,19,136,Boys Fire,38.558,-121.1309,2016-09-11
585,20,93,Bradley Fire,35.85093,-120.81081,2016-07-22
586,21,72,Broken Fire,37.25601,-119.65776,2016-07-04
587,22,15,Bryson Fire,35.8378273,-121.0381507,2016-05-12
588,23,170,Butte Fire,39.188321,-121.78003,2016-09-20
589,24,37,Camanche Fire,38.26874,-120.90265,2016-06-17
590,25,27,Campo Fire,38.22017,-120.8678,2016-06-27
591,26,166,Canyon Fire,34.63445,-120.54421,2016-09-17
592,27,134,Cedar Fire,35.7506,-118.5678,2016-08-16
593,28,132,Chimney Fire,35.70595,-120.98316,2016-08-13
594,29,23,Chimney Fire,35.84883,-118.08591,2016-06-01
595,30,32,Clay Fire,38.3131,-121.06452,2016-06-03
596,31,133,Clayton Fire,38.89741,-122.60663999999998,2016-08-13
597,32,25,Coal Fire,39.595,-121.6008,2016-06-20
598,33,10,Coe Fire,37.17072,-121.42238,2016-06-07
599,34,115,Cold Fire,38.52513,-122.06788,2016-08-02
600,35,34,Coleman Fire,36.01542,-121.25029,2016-06-04
601,36,63,Colyear Fire,40.0353,-122.56938999999998,2016-06-30
602,37,41,Cotton Fire,35.77135,-120.251,2016-06-11
603,38,174,Cow Fire,40.0,-121.93923,2016-09-25
604,39,0,Creek Fire,38.40958,-122.43172,2016-10-10
605,40,47,Creek Fire,38.69971,-122.15457,2016-06-26
606,41,67,Curry Fire,36.0749,-120.452041,2016-07-01
607,42,8,DeWolf Fire,36.88286,-119.654,2016-05-25
608,43,119,Deer Fire,38.2581,-120.8657,2016-08-05
609,44,64,Deer Fire,35.20993,-118.72272,2016-07-01
610,45,51,Dinosaur Fire,37.07147,-121.20155,2016-06-25
611,46,78,Dunnigan Fire,38.8866,-122.04726,2016-07-15
612,47,12,Dunstone Fire,39.33035,-121.78973,2016-05-27
613,48,179,Emerald Fire,38.93449,-120.10744,2016-10-14
614,49,49,Erskine Fire,35.6115,-118.45628,2016-06-23
615,50,81,Famoso Fire,35.607479999999995,-118.94811,2016-07-15
616,51,83,Feather Fire,32.9612,-116.7945,2016-07-18
617,52,62,Fiddler Fire,40.36873,-122.72913,2016-07-08
618,53,66,Flores Fire,40.07846,-122.2071,2016-07-01
619,54,84,Foothill Fire,39.0863,-122.7891,2016-07-19
620,55,107,Fork Fire,37.24006,-119.4741,2016-07-29
621,56,61,Fort Fire,34.913000000000004,-118.9082,2016-07-08
622,57,71,Frame Fire,36.14161,-120.62048,2016-07-04
623,58,104,Franklin Fire,38.012640000000005,-122.1885,2016-07-24
624,59,26,Frazier Fire,35.70821,-120.82266,2016-06-27
625,60,110,Frymire Fire,37.81434,-120.69521,2016-07-30
626,61,146,Gap Fire,41.851000000000006,-123.118,2016-08-27
627,62,87,Goose Fire,37.01591,-119.50507,2016-07-30
628,63,112,Gopher Fire,33.22558,-117.14547,2016-08-10
629,64,180,Gopher Fire,33.254355,-117.158475,2016-11-13
630,65,2,Gorman Fire,34.6888731,-118.78925929999998,2016-04-19
631,66,154,Grade Fire,41.7813,-122.611,2016-08-24
632,67,53,Grant Fire,37.74369,-121.58677,2016-06-25
633,68,82,Green Fire,37.0099,-119.5792,2016-07-15
634,69,118,Grub Fire,37.3228,-119.7738,2016-08-04
635,70,116,Hart Fire,35.24504,-118.60344,2016-08-04
636,71,145,Havilah Fire,35.4976,-118.5097,2016-08-28
637,72,31,Hidden Fire,36.80296,-121.40304,2016-06-03
638,73,40,Hoag Fire,39.7947,-121.857,2016-06-11
639,74,161,Hog Fire,40.30594,-122.1295,2016-09-13
640,75,95,Holy Fire,33.6542,-117.5221,2016-08-31
641,76,155,Howard Fire,41.4657,-120.9066,2016-09-11
642,77,182,Jacobson Fire,36.217,-118.551,2016-10-20
643,78,96,Ken Fire,34.25858,-117.4415,2016-09-03
644,79,36,Keswick Fire,40.61388,-122.46777,2016-06-11
645,80,127,Knoxville Fire,38.68403,-122.26015,2016-08-09
646,81,73,Kuehner Fire,34.27619,-118.63264,2016-07-01
647,82,126,Kugelman Fire,36.09974,-120.51057,2016-08-09
648,83,52,Laguna Fire,33.578720000000004,-117.77395,2016-06-26
649,84,101,Lake Fire,40.68192,-122.4096,2016-09-10
650,85,177,Loma Fire,37.10632,-121.85318,2016-09-26
651,86,68,Lone Pine Fire,36.58972,-118.15589,2016-07-01
652,87,50,Lowe Fire,36.1934,-120.9293,2016-06-23
653,88,181,Marek Fire,34.31,-118.335,2016-11-14
654,89,54,Marina Fire,37.97,-119.14,2016-06-25
655,90,172,Marshes Fire,37.79635,-120.32484,2016-09-26
656,91,183,Meadow Fire,35.984,-118.551,2016-10-29
657,93,6,Metz Fire,36.38123,-121.20059,2016-05-22
658,94,143,Mina Fire,39.8748511,-123.4267011,2016-08-30
659,95,128,Mineral Fire,36.09974,-120.51057,2016-08-09
660,96,157,Mockingbird Fire,39.1408865,-122.9148951,2016-08-30
661,97,159,Moffett Fire,41.6314,-122.7933,2016-09-12
662,98,138,Mokelumne Fire,38.57554,-120.00606,2016-08-18
663,99,29,Moore Fire,38.86804,-121.37704,2016-06-21
664,100,130,Mountain Fire,40.61213,-122.47091,2016-08-09
665,101,173,Newmark Fire,36.6543,-119.5327,2016-09-23
666,102,90,Oak Fire,38.33475,-122.02564,2016-07-22
667,103,120,Oak Fire,37.06531,-121.68577,2016-08-12
668,104,140,Oak Fire,37.11831,-121.69784,2016-09-01
669,105,162,Old Fire,37.75972,-120.029626,2016-09-13
670,106,42,Old Fire,36.49914,-121.04993,2016-06-12
671,107,160,Old Fire,39.8851,-121.6998,2016-09-16
672,108,79,Onyx Fire,35.68313,-118.21793,2016-07-13
673,109,164,Owens River Fire,37.75985,-118.95309,2016-09-17
674,110,75,Pacheco Fire,38.08056,-120.81394,2016-07-12
675,111,22,Pala Fire,33.41639,-117.08829,2016-05-31
676,112,28,Paskenta Fire,39.93965,-122.40142,2016-06-21
677,113,100,Phoenix Fire,39.39051,-120.51887,2016-09-07
678,114,121,Pilot Fire,34.28771,-117.27338,2016-08-07
679,115,65,Pine Fire,34.701,-119.144,2016-06-30
680,116,43,Pony Fire,41.623000000000005,-123.557,2016-06-07
681,117,57,Rancho Fire,38.385,-121.003611,2016-06-28
682,118,156,Range Fire,35.2013,-118.7212,2016-08-26
683,119,55,Reservoir Fire,39.12366,-122.50373,2016-06-26
684,120,91,Roblar Fire,33.393,-117.35093,2016-07-21
685,121,103,Rock Fire,33.00056,-116.9571,2016-07-22
686,122,98,Ruff Fire ,39.7299,-123.5044,2016-09-10
687,123,178,Sacata Fire,36.94536,-119.25959,2016-10-11
688,124,97,Saddle Fire,39.6871,-121.571,2016-09-05
689,125,59,Sage Fire,34.36763,-118.57245,2016-07-09
690,126,150,Santos Fire,39.79547,-121.71662,2016-08-26
691,127,175,Sawmill Fire,38.80017,-122.82895,2016-09-25
692,128,70,Scott Fire,38.517772,-121.103642,2016-07-10
693,129,14,Shedd Fire,35.619609999999994,-120.39993,2016-05-10
694,130,74,Shelter Fire,33.11645,-116.58542,2016-07-11
695,131,45,Sherpa Fire,34.776,-119.643,2016-06-15
696,132,80,Sherwood Fire,36.92244,-119.39619,2016-07-13
697,133,111,Sierra Fire,37.41896,-121.79668999999998,2016-07-30
698,134,94,Soberanes Fire,36.45994,-121.89938,2016-07-22
699,135,35,Soda Fire,35.01382,-119.58206,2016-06-04
700,136,165,Soup Complex,41.2649,-120.3178,2016-09-17
701,137,99,Spring Fire,34.3183,-117.3189,2016-09-07
702,138,135,Stafford Fire,40.4572,-124.05804,2016-08-11
703,139,76,Stagecoach Fire,37.96311,-120.67335,2016-07-12
704,140,102,Storksbill Fire,38.79549,-121.00299,2016-07-22
705,141,131,Summit Fire,40.9878,-123.77832,2016-08-12
706,142,139,Sunny Fire,36.84479,-119.34487,2016-09-03
707,143,92,Table Fire,41.71847,-122.36924,2016-07-21
708,144,1,Taglio Fire,37.2171,-121.08036,2016-04-24
709,145,33,Temecula Fire,33.476894,-117.140883,2016-06-04
710,146,176,Tobin Fire,39.92,-121.32,2016-09-26
711,147,56,Trailhead Fire,38.96741,-120.9375,2016-06-28
712,148,153,Tule Fire,36.1648,-118.73906,2016-08-22
713,149,4,Tulloch Fire,37.927613,-120.528836,2016-05-30
714,150,148,Tully Fire,41.28486,-123.82268,2016-08-22
715,151,167,Washington Fire,34.75134,-120.55297,2016-09-22
716,152,7,Wheatland Fire,34.276,-118.354,2016-05-23
717,153,149,Willard Fire,40.3915,-120.7845,2016-09-11
718,154,151,Willow Fire,38.1874,-120.6381,2016-08-28
719,0,118,3-2 Willow (Previously H-1 Fire),40.900458,-121.320838,2019-08-07
720,1,39,32 Fire,39.76242,-121.73659,2019-06-15
721,2,254,46 Fire,33.985972,-117.414111,2019-10-31
722,3,18,66 Fire,33.57039,-116.1466,2019-05-29
723,4,79,Aborn Fire,37.32555556,-121.76444444,2019-07-15
724,5,208,American Fire,38.165873,-122.211671,2019-10-06
725,6,154,Antelope Fire,36.600167,-120.8405,2019-09-02
726,7,35,Ardo Fire,35.97059,-120.88241,2019-06-12
727,8,181,Bailey Fire,33.496633,-116.631106,2019-09-10
728,9,186,Bar Fire,41.749667,-123.000833,2019-09-15
729,10,188,Baseline Fire ,38.751648,-121.43263600000002,2019-09-20
730,11,187,Bautista Fire,33.635,-116.801111,2019-09-15
731,12,132,Bayliss Fire,37.219717,-121.761974,2019-08-15
732,13,22,Bear Fire,36.14246,-118.80582,2019-06-03
733,14,233,Beaumont Fire,34.033117,-117.21545,2019-10-21
734,15,14,Belmont Fire,35.307590000000005,-119.96498,2019-05-29
735,16,61,Bikeway Fire,37.469,-121.3697,2019-07-05
736,17,223,Bitter Fire,35.709176,-120.312856,2019-10-11
737,18,37,Bitter Fire ,35.57376,-120.11738,2019-06-10
738,19,146,Border 10 Fire,32.557546,-116.873955,2019-08-25
739,20,137,Border 8 Fire,32.573437,-116.658735,2019-08-16
740,21,135,Border 9 Fire,32.57394,-116.760465,2019-08-15
741,22,10,Border Fire,32.557565999999994,-116.8663,2019-05-13
742,23,70,Border Fire,32.566389,-116.7525,2019-07-12
743,24,23,Boulder Fire,35.343761,-119.913717,2019-06-05
744,25,207,Briceburg Fire,37.604638,-119.96606,2019-10-06
745,26,184,Bridge Fire,37.492002,-120.401028,2019-09-13
746,27,169,Broder Fire,36.151,-118.185,2019-09-06
747,28,107,Browns Fire,38.3525,-121.123611,2019-08-02
748,29,249,Burris Fire,39.22431,-123.12887,2019-10-27
749,30,241,Cabrillo Fire,37.166674,-122.361112,2019-10-24
750,31,34,Calaveras Fire ,37.44422,-121.84082,2019-06-10
751,32,114,Caliente Fire,35.287372999999995,-118.623651,2019-08-05
752,33,106,Caliente Fire,32.575556,-117.026667,2019-08-01
753,34,4,Cana Fire,39.83958,-121.957,2019-04-30
754,35,17,Canyon Fire,37.45899,-121.22093,2019-05-30
755,36,89,Canyon Fire,38.481258,-122.143942,2019-07-22
756,37,224,Caples Fire,38.724,-120.145,2019-10-11
757,38,149,Carroll Fire,37.718636,-121.657011,2019-08-31
758,39,104,Carson Fire,38.757636,-120.75664,2019-07-30
759,40,262,Cashe Fire ,38.734634,-121.729691,2019-11-25
760,41,263,Cave Fire (No Longer a CAL FIRE Incident),34.5025,-119.785,2019-11-25
761,42,200,Chaparral Fire,38.538467,-120.965105,2019-09-29
762,43,20,Citrus Fire,36.18479,-118.99229,2019-06-02
763,44,96,Community Fire,41.838,-122.845,2019-07-27
764,45,255,Copper Fire,32.564583,-116.834583,2019-10-31
765,46,213,Corning Fire ,39.847708,-122.1604,2019-10-09
766,47,133,Cottage Fire,40.484329,-122.159393,2019-08-15
767,48,156,Country Fire,38.898915,-120.946657,2019-09-03
768,49,168,Cow Fire,36.284,-118.228,2019-09-06
769,50,194,Cow Fire,40.612556,-122.039167,2019-09-24
770,51,59,Coyote Fire,37.189040000000006,-121.694968,2019-07-02
771,52,150,Creek Fire,36.40193,-119.030621,2019-08-31
772,53,212,Cross Fire,35.790690000000005,-120.73102,2019-10-09
773,54,246,Cypress Complex,37.99136,-121.64118,2019-10-27
774,55,210,Dales Fire,40.314187,-122.070055,2019-10-07
775,56,157,Deer Fire,37.178353,-122.07743,2019-09-03
776,57,100,Dehesa Fire,32.767649,-116.796032,2019-07-28
777,58,195,Dehesa Fire ,32.787656,-116.806941,2019-09-24
778,59,204,Del Fire,37.429506,-121.336465,2019-10-03
779,60,16,Diversion Fire,33.69078,-114.57265,2019-05-30
780,61,76,Doyle Fire,40.072739,-120.158273,2019-07-14
781,62,178,Duzel Fire,41.512917,-122.740333,2019-09-07
782,63,52,Dyer Fire,38.73817,-121.39419,2019-06-26
783,64,260,Eagle Fire,39.100408,-122.496548,2019-11-05
784,65,216,Eagle Fire,33.827979,-117.499619,2019-10-10
785,66,252,Easy Fire,34.282179,-118.803389,2019-10-30
786,67,196,Electra Fire,38.332083,-120.67131,2019-09-25
787,68,205,Elk Fire,41.70611111,-123.4375,2019-10-04
788,69,229,Fairmont Fire,32.762706,-117.097441,2019-10-15
789,70,65,Far Fire,39.06066,-121.35014,2019-07-06
790,71,62,Fellow Fire,37.99837,-122.16201,2019-07-05
791,72,111,Five Fire,34.677864,-118.752395,2019-08-03
792,73,163,Flood Fire ,38.017138,-120.945044,2019-09-05
793,74,13,Foothill Fire,33.81678,-117.18194,2019-05-20
794,75,261,Foothills Fire,38.838992,-121.325842,2019-11-25
795,76,171,Forbestown Fire,39.470333,-121.412333,2019-09-06
796,77,250,Forest Fire,37.97911,-122.11092,2019-10-27
797,78,161,Foster Fire ,36.732866,-121.39478,2019-09-04
798,79,202,Frame Fire,36.154184,-120.634179,2019-09-30
799,80,138,Gaines Fire,37.536069,-120.177018,2019-08-16
800,81,251,Getty Fire ,34.098191,-118.478717,2019-10-28
801,82,69,Gibbel Fire ,33.69055556,-116.953889,2019-07-11
802,83,113,Gilbert Fire,40.55924,-122.25409,2019-08-04
803,84,67,Gillis Fire,35.63111111,-120.26916667,2019-07-08
804,85,160,Glass Fire,38.910498,-122.642572,2019-09-04
805,86,248,Glencove Fire ,38.07205,-122.22463,2019-10-27
806,87,119,Golf Fire,38.99174,-122.7751,2019-08-08
807,88,83,Goose 2 Fire,41.909,-120.306,2019-07-17
808,89,130,Greenstone Fire ,38.703889,-120.890556,2019-08-14
809,90,231,Grove Fire,38.88913,-122.604425,2019-10-17
810,91,122,Harte Fire,37.708743,-121.841879,2019-08-09
811,92,124,Heavy Range Fire,39.171091,-121.423281,2019-08-10
812,93,164,Henthorne Fire,40.062304,-123.222196,2019-09-05
813,94,15,Hill Fire,36.66909,-119.3046,2019-05-29
814,95,253,Hill Fire ,34.01778,-117.4625,2019-10-30
815,96,256,Hillside Fire,34.183,-117.285,2019-10-31
816,97,60,Hollow Fire,37.63206,-121.538382,2019-07-03
817,98,73,Horse Fire,40.463936,-122.435492,2019-07-12
818,99,226,Horse Fire,40.387772,-120.304341,2019-10-13
819,100,142,Horse Fire,40.562,-120.544,2019-08-24
820,101,185,Horseshoe Fire ,33.4853,-117.043723,2019-09-14
821,102,134,Hunter Fire,37.532028,-120.208019,2019-08-15
822,103,199,Hwy Fire,39.622137,-121.693472,2019-09-28
823,104,214,Inghram Fire,39.847708,-122.160416,2019-10-09
824,105,30,Ink Fire,38.63047,-122.47282,2019-06-08
825,106,41,IronGate Fire,41.94622,-122.40157,2019-06-16
826,107,144,Ivy Fire,33.77777348,-117.487578,2019-08-25
827,108,145,Jamieson Fire,37.034183,-121.45597,2019-08-25
828,109,75,Jasper Fire,39.631945,-119.769881,2019-07-13
829,110,44,Jerry Fire,33.919507,-117.103765,2019-06-21
830,111,227,Johnson Fire ,33.45148,-116.05898,2019-10-14
831,112,151,Jolon Fire,35.906482000000004,-120.99291399999998,2019-09-01
832,113,191,Kennedy Fire,33.900994,-117.170588,2019-09-21
833,114,174,Kidder 2 Fire,41.492974200000006,-123.2129356,2019-09-07
834,115,236,Kincade Fire,38.792458,-122.780053,2019-10-23
835,116,112,La Barisa Fire,34.202883,-116.4449,2019-08-03
836,117,66,Lake Fire,37.524378000000006,-120.296551,2019-07-08
837,118,102,Lake Fire,35.908333,-120.984167,2019-07-29
838,119,28,Levee Fire,39.15641,-121.56363,2019-06-08
839,120,173,Lime Fire,41.862237,-122.662258,2019-09-07
840,121,71,Lincoln Fire,33.569379999999995,-116.07896,2019-07-12
841,122,211,Little Fire,37.606,-121.853,2019-10-08
842,123,167,Lone Fire,41.748000000000005,-121.056,2019-09-06
843,124,54,Long Fire,39.40972222,-121.00055556,2019-06-28
844,125,143,Long Valley Fire ,39.892222,-120.029722,2019-08-24
845,126,49,Lonoak Fire,36.28426,-120.94771,2019-06-26
846,127,190,Lopez Fire,35.214364,-120.455883,2019-09-21
847,128,126,Lower Fire,40.46968,-122.54364,2019-08-12
848,129,43,Lumgrey Fire,39.28926,-121.85906,2019-06-17
849,130,192,Lynette Fire,38.20177,-120.827386,2019-09-22
850,131,80,Madera Fire ,37.016944,-119.934167,2019-07-15
851,132,33,Malech Fire,37.21638,-121.70768,2019-06-09
852,133,198,Mare Fire,38.07944444,-122.25611111,2019-09-26
853,134,257,Maria Fire ,34.302212,-118.997115,2019-10-31
854,135,110,Marsh Complex,37.908362,-121.872941,2019-08-03
855,136,92,Marshview Fire,38.158333,-122.118889,2019-07-24
856,137,58,Mayberry Fire ,39.32889,-121.23431,2019-06-29
857,138,32,McMillan Fire,35.66318,-120.41128,2019-06-12
858,139,180,McMurray Fire,34.630919,-120.187368,2019-09-09
859,140,81,Meadow Fire,33.514658000000004,-116.7884,2019-07-16
860,141,109,Meadow Fire (Not a CAL FIRE incident),41.43783,-120.23976,2019-08-02
861,142,57,Merced Fire ,37.312877,-120.242411,2019-06-29
862,143,6,Meridian Fire,39.85484,-121.905,2019-05-01
863,144,215,Merrill Fire,37.828267,-122.103867,2019-10-10
864,145,105,Mesa Fire ,35.60989,-118.41204,2019-07-31
865,146,72,Mid Fire,37.093243,-121.586846,2019-07-12
866,147,103,Mill Fire,36.008889,-121.466944,2019-07-30
867,148,244,Miller Fire,33.259861,-117.027333,2019-10-25
868,149,90,Milpas Fire,34.42386,-117.10318,2019-07-22
869,150,78,Milton Fire ,37.944751,-120.84372,2019-07-15
870,151,242,Mines Fire,37.62782,-121.68598,2019-10-24
871,152,153,Mines Fire,37.545167,-121.596667,2019-09-02
872,153,51,Mines Fire,37.494136,-121.534827,2019-06-26
873,154,91,Moms Fire ,39.423833,-121.579738,2019-07-23
874,155,127,Moose Fire,39.005262,-123.195306,2019-08-12
875,156,45,Mountain Fire,37.75427,-121.57382,2019-06-21
876,157,140,Mountain Fire,40.715556,-122.241944,2019-08-22
877,158,232,Mud Fire ,36.319291,-120.460189,2019-10-18
878,159,238,Muir Fire,37.896231,-122.636471,2019-10-24
879,160,239,Nelson Fire ,39.551423,-121.800538,2019-10-24
880,161,25,Nelson Fire ,38.21416,-122.12214,2019-06-07
881,162,53,Nuevo Fire,33.80493,-117.15738,2019-06-27
882,163,228,Nustar Fire,38.045866,-122.245186,2019-10-15
883,164,176,Oak Fire,38.955024,-122.833831,2019-09-07
884,165,235,Oak Fire,33.351145,-117.403719,2019-10-22
885,166,237,Old Water Fire,34.183624,-117.274276,2019-10-24
886,167,225,Olivas Fire,34.23955,-119.20187,2019-10-11
887,168,74,Orange fire,33.812837200000004,-117.1228851,2019-07-13
888,169,55,Otay Fire,32.62305556,-116.91416667,2019-06-29
889,170,234,Palisades Fire,34.055768,-118.554091,2019-10-21
890,171,46,Paskenta Fire,39.97083,-122.48277,2019-06-22
891,172,12,Paskenta Fire,39.98097,-122.30737,2019-05-20
892,173,136,Patterson Fire,38.652475,-120.826165,2019-08-15
893,174,139,Patterson Fire,37.71734,-121.55867,2019-08-21
894,175,38,Pauma Fire,33.30267,-116.97772,2019-06-10
895,176,0,Pilot Fire,40.61805556,-123.67555556,2019-01-01
896,177,219,Plains Fire,40.4988,-122.19911,2019-10-10
897,178,209,Point Fire ,37.066483000000005,-121.219163,2019-10-07
898,179,108,Prairie Fire ,38.622058,-121.114095,2019-08-02
899,180,120,Preston Fire,37.949747,-120.420058,2019-08-08
900,181,117,R-1 Fire,40.886677,-120.336977,2019-08-07
901,182,148,R-1 Fire,40.593,-120.581,2019-08-28
902,184,125,Radio Fire,33.909792,-117.004667,2019-08-12
903,185,85,Rains Fire,37.420988,-121.371276,2019-07-18
904,186,175,Rams Horn Fire,41.150392,-122.634108,2019-09-07
905,187,63,Ranch Fire,40.41741,-122.767256,2019-07-05
906,188,203,Ranch Fire,35.189783,-120.1755,2019-10-01
907,189,259,Ranch Fire,40.036379,-122.637837,2019-11-03
908,190,101,Range Fire,34.665699,-119.94974,2019-07-28
909,191,245,Rawson Fire,40.00171,-122.25421,2019-10-27
910,192,230,Real Fire,34.484722,-120.190833,2019-10-17
911,193,217,Reche Fire,33.975405,-117.207068,2019-10-10
912,194,162,Red Bank Fire,40.12,-122.64,2019-09-05
913,195,183,Redwood Fire,33.854597,-117.270144,2019-09-12
914,196,8,Refuge Fire,35.72057,-119.62762,2019-05-07
915,197,189,Reservoir Fire,37.467744,-121.842751,2019-09-21
916,198,48,Rock Fire,37.46577,-121.28312,2019-06-26
917,199,40,Rocky Fire,41.64895,-122.35962,2019-06-14
918,200,222,Saddle Ridge Fire,34.32988,-118.48161,2019-10-10
919,201,147,Sage Fire,33.463991,-116.914799,2019-08-27
920,202,29,Sand Fire,38.88978,-122.23922,2019-06-08
921,203,218,Sandalwood Fire,33.9925,-117.059167,2019-10-10
922,204,68,Sargent Fire,35.95191,-120.8092,2019-07-09
923,205,243,Sawday Fire ,33.055124,-116.742508,2019-10-25
924,206,1,Scott Fire,39.24678,-121.32399,2019-06-25
925,207,47,Scott Fire,39.24678,-121.32399,2019-06-24
926,208,116,Sellers Fire,37.968494,-121.678172,2019-08-07
927,209,11,Shady Fire,33.650237,-116.172534,2019-05-18
928,210,247,Sky Fire ,38.03545,-122.2241,2019-10-27
929,211,152,Snail Fire,34.71011,-119.3547,2019-09-01
930,212,64,Snowstorm Fire,40.679318,-120.392768,2019-07-05
931,213,258,Sobrante Fire ,33.849906,-117.461363,2019-11-01
932,214,165,South Fire,40.109,-122.789,2019-09-05
933,215,77,South Fire ,34.366111,-118.96,2019-07-14
934,216,131,Spring Fire ,39.088333,-122.309167,2019-08-14
935,217,166,Springs Fire,37.826,-118.872,2019-09-06
936,218,36,Springs Fire,35.89593,-118.94106,2019-06-10
937,219,19,Spruce Fire,36.28001,-119.10974,2019-06-01
938,220,98,Star Fire,33.997528,-117.769766,2019-07-28
939,221,27,Stuhr Fire,37.25988,-121.09375,2019-06-07
940,222,182,Stuhr Fire ,37.32585,-121.110146,2019-09-11
941,223,9,Sugar Fire,39.11536,-120.76088,2019-05-10
942,224,177,Swedes Fire,39.45296,-121.412619,2019-09-07
943,225,93,Sweigert Fire ,37.433192,-121.807258,2019-07-24
944,226,179,Sycamore Fire,33.9369,-117.3063,2019-09-07
945,227,170,Taboose Fire,37.034,-118.345,2019-09-06
946,228,88,Tejon Fire,34.900833299999995,-118.9183333,2019-07-21
947,229,155,Telephone Fire,34.353667,-117.343833,2019-09-02
948,230,159,Tenaja,33.528469,-117.273157,2019-09-04
949,231,94,Thompson Fire ,35.004721999999994,-120.435278,2019-07-24
950,232,240,Tick Fire,34.472778000000005,-118.368056,2019-10-24
951,233,129,Timm Fire ,38.455,-121.969167,2019-08-13
952,234,115,Toro Fire ,33.740219,-117.333728,2019-08-05
953,235,95,Tree Fire,41.834366,-122.656569,2019-07-27
954,236,50,Trinity Fire,40.41404,-122.66779,2019-06-26
955,237,99,Tucker Fire,41.79591,-121.260305,2019-07-28
956,238,193,Tulloch Fire,37.838333,-120.625556,2019-09-23
957,239,97,Usal Fire,39.831762,-123.846013,2019-07-27
958,240,87,Valley Fire,37.241427,-120.027731,2019-07-21
959,241,84,Vista Fire,32.794768,-116.839743,2019-07-17
960,242,7,Vulcan Fire,35.03855,-119.19454,2019-05-03
961,243,121,W1 McDonald Fire,40.943799,-120.275298,2019-08-08
962,244,158,Walker Fire,40.061389,-120.680556,2019-09-04
963,245,123,Ward Fire,42.033,-122.175,2019-08-09
964,246,201,Warren Fire,33.703546,-117.033598,2019-09-30
965,247,26,Watt Fire,38.75263,-121.39258999999998,2019-06-07
966,248,42,Weisgarber Fire,33.396840000000005,-117.29665,2019-06-20
967,249,221,Wendy Fire,34.156389000000004,-118.950833,2019-10-10
968,250,31,West Butte Fire,39.28926,-121.85906,2019-06-08
969,251,128,West Fire ,34.675542,-118.342239,2019-08-13
970,252,82,Whiskey Fire,37.962557,-121.468074,2019-07-16
971,253,86,Whiskey Fire,38.115224,-120.78068,2019-07-18
972,254,197,Willow Fire,32.87833333,-116.88,2019-09-25
973,255,24,Willow Fire,38.02503,-121.9763,2019-06-06
974,256,206,Wilson Fire,39.613783000000005,-123.458782,2019-10-04
975,257,220,Wolf Fire,33.8615,-116.897333,2019-10-10
976,258,56,Wolf Fire ,33.911,-116.980528,2019-06-29
977,259,5,Woody Fire,35.65189,-118.92545,2019-04-30
978,260,21,Yokohl Fire,36.23012,-118.85712,2019-06-03
979,261,3,York Fire,35.81778,-120.09715,2019-04-28
980,262,141,Yucca Fire,33.4506,-116.857817,2019-08-22
981,0,0, Bridge Fire,40.774,-122.309,2017-10-31
982,1,124, Cristianitos Fire,33.43513,-117.58252,2017-06-28
983,2,68,26 Fire,37.127590000000005,-120.0193,2017-06-07
984,3,353,32 Fire,39.8255,-121.7127,2017-09-25
985,4,365,36 Fire,40.20077,-122.24731,2017-10-03
986,5,381,37 Fire,38.14242,-122.47301000000002,2017-10-09
987,6,303,4-10 Fire,41.64469,-120.31814,2017-08-30
988,7,301,4-4 Fire,41.4844,-120.36659,2017-08-30
989,8,25,41 Fire,36.90967,-119.79315,2017-05-17
990,9,57,5 Fire,34.29931,-118.37539,2017-06-03
991,10,4,66 Fire,33.56777,-116.08003,2017-04-13
992,11,154,Alamo Fire,35.0179,-120.3223,2017-07-06
993,12,121,Alvarado Fire,35.947,-120.87492,2017-06-28
994,13,155,Antelope Fire,40.6361,-120.9643,2017-07-06
995,14,21,Arrow Fire,35.21177,-119.87525,2017-05-15
996,15,372,Atlas Fire (Southern LNU Complex),38.39206,-122.24367,2017-10-08
997,16,150,Auberry Fire,36.95104,-119.65621000000002,2017-07-05
998,17,148,Axel Fire,38.7803,-120.97111,2017-07-08
999,18,322,Bally Fire,36.99092,-121.59899,2017-09-03
1000,19,164,Banderilla Fire,37.65963,-120.34802,2017-07-07
1001,20,122,Battle Fire,41.85763,-121.29581,2017-06-28
1002,21,274,Beale Fire,39.1234,-121.32957,2017-08-20
1003,22,392,Bear Fire,37.18356,-122.07012,2017-10-16
1004,23,123,Ben Fire,37.3762,-119.9646,2017-06-28
1005,24,175,Benson Fire,40.29118,-122.42606,2017-07-08
1006,25,339,Berry Fire,40.98352,-121.81623,2017-09-12
1007,26,425,Bitterwater Fire,36.38109,-121.00391,2017-11-25
1008,27,40,Bitterwater Fire,36.35578,-120.99552,2017-05-22
1009,28,111,Black Fire,33.1683,-116.77342,2017-06-25
1010,29,267,Blaine Fire,33.98212,-117.30819,2017-08-13
1011,30,250,Blocksburg Fire,40.27582,-123.64281,2017-08-03
1012,31,370,Blue Fire,40.88516,-123.96844,2017-10-08
1013,32,289,Bodega Fire,38.26294,-122.71998,2017-08-27
1014,33,69,Bodfish Fire,35.598040000000005,-118.47939,2017-06-10
1015,34,99,Bogus Fire,41.93006,-122.36545,2017-06-18
1016,35,93,Bolla Fire,40.32063,-122.83208,2017-06-18
1017,36,329,Border 9 Fire,32.59252,-116.61609,2017-09-07
1018,37,309,Border Fire,32.6001,-116.76997,2017-09-01
1019,38,251,Bottle Fire,38.94599,-122.81135,2017-08-08
1020,39,295,Bradley Fire,41.222,-122.27499,2017-08-28
1021,40,326,Bradley Fire,41.222,-122.292,2017-08-28
1022,41,22,Bravo Fire,35.41283,-118.84466,2017-05-15
1023,42,71,Breckenridge Fire,35.37351,-118.84134,2017-06-09
1024,43,130,Brewer Fire,39.08382,-121.06656,2017-07-02
1025,44,182,Bridge Fire,34.09773,-117.10567,2017-07-14
1026,45,162,Bryant Fire,34.07612,-117.06765,2017-07-07
1027,46,248,Bryant Fire,34.084920000000004,-117.03826,2017-08-03
1028,47,344,Buck Fire,40.2275,-123.03583,2017-09-12
1029,48,413,Buffalo Fire,33.402411,-117.402445,2017-10-17
1030,49,314,Caldwell Fire,35.76,-118.406,2017-09-01
1031,50,253,Calgary Fire,35.70639,-118.47307,2017-08-05
1032,51,244,Camatta Fire,35.4403,-120.2913,2017-08-02
1033,52,26,Camp Fire,35.34541,-120.76464,2017-05-18
1034,53,387,Canyon 2 Fire,33.87041,-117.70975,2017-10-09
1035,54,87,Canyon Fire,33.950382,-116.884446,2017-06-15
1036,55,136,Canyon Fire,33.91806,-116.99321,2017-07-03
1037,56,263,Canyon Fire,38.49336,-122.2483,2017-08-11
1038,57,290,Canyon Fire,33.6444,-117.3968,2017-08-27
1039,58,358,Canyon Fire,33.8668,-117.68598,2017-09-25
1040,59,19,Canyon Fire,33.88466,-116.99229,2017-05-14
1041,60,377,Cascade Fire (Wind Complex),39.32198,-121.4021,2017-10-08
1042,61,308,Castaic Fire,34.52055,-118.62882,2017-08-31
1043,62,230,Castro Fire,36.96607,-121.55552,2017-07-23
1044,63,198,Centerville Fire,41.45589,-120.56933,2017-07-17
1045,64,44,Champagne Fire,34.87128,-118.35296,2017-05-28
1046,65,371,Cherokee Fire,39.62496,-121.52966,2017-10-08
1047,66,275,Chetco Fire,42.29896,-123.95405,2017-07-12
1048,67,254,Chilcoot Fire,39.75371,-120.1397,2017-08-06
1049,68,420,Chris Fire,38.46111,-119.48284,2017-11-13
1050,69,160,Christmas Fire,33.763304,-117.314994,2017-07-07
1051,70,426,Church Fire,32.64962,-116.37345,2017-10-21
1052,71,28,City Fire,35.983000000000004,-119.91508,2017-05-18
1053,72,52,Clay Fire,38.33707,-121.11113,2017-06-01
1054,73,209,Clear Complex (merged into Eclipse Complex),41.702,-123.508,2017-07-25
1055,74,304,Coalinga Fire,36.36113,-120.32685,2017-08-30
1056,75,433,Coast Fire,34.605358,-120.414875,2017-12-14
1057,76,272,Corner Fire,40.92602,-121.5935,2017-08-17
1058,77,268,Coronado Fire,37.62823,-120.30046000000002,2017-08-13
1059,78,348,Corral Fire,37.63358,-121.49925,2017-09-19
1060,79,258,Country Fire,35.86596,-120.64584,2017-08-07
1061,80,325,Cove Fire,35.76343,-121.04445,2017-09-23
1062,81,107,Creek Fire,36.27306,-120.65185,2017-06-23
1063,82,416,Creek Fire,34.31283,-118.35863,2017-12-05
1064,83,312,Creek Fire,38.12,-119.941,2017-09-03
1065,84,207,Creek Fire,39.75425,-122.17657,2017-07-19
1066,85,58,Creek Fire ,35.60633,-118.4642,2017-06-04
1067,86,159,Daulton Fire,37.09773,-120.02027,2017-07-07
1068,87,165,Deer Complex,37.87808,-121.78677,2017-07-08
1069,88,33,Deluz Fire,33.3906,-117.32348,2017-05-19
1070,89,134,Derrick Fire,36.269125,-120.620791,2017-07-02
1071,90,132,Desabla Fire,39.8629,-121.6268,2017-07-02
1072,91,193,Detwiler Fire,37.61757,-120.21321,2017-07-16
1073,92,352,Dexter Fire,37.76888,-120.15846,2017-09-20
1074,93,67,Dinely Fire,36.458090000000006,-118.87676,2017-06-07
1075,94,168,Dode Fire,41.72163,-121.30451,2017-07-13
1076,95,224,Dollar Fire,34.20152,-117.14466000000002,2017-07-22
1077,96,82,Douglas Fire,33.23281,-117.29509,2017-06-13
1078,97,432,Drum Fire,34.71796,-120.27077,2017-12-16
1079,98,145,Eagle Fire,33.85323,-117.48195,2017-07-04
1080,99,346,Eastman Fire,37.14624,-120.015509,2017-09-18
1081,100,277,Eclipse Complex,41.841,-123.474,2017-08-15
1082,101,279,Eclipse Fire,32.65003,-116.42907,2017-08-21
1083,102,356,Edwards Fire,37.77982,-122.169,2017-09-26
1084,103,7,El Dorado Fire,36.530836,-120.206592,2017-04-28
1085,104,220,Elephant Fire,36.22265,-119.06598,2017-07-20
1086,105,54,Elk Fire,35.188,-119.2877,2017-06-02
1087,106,311,Ellie Fire,33.73547,-117.33364,2017-09-10
1088,107,205,Ellis Fire,33.75526,-117.25075,2017-07-18
1089,108,27,Elm Fire,36.12089,-120.37116,2017-05-18
1090,109,269,Empire Fire,37.644,-119.618,2017-08-01
1091,110,354,Estate Fire,38.4446,-122.0041,2017-09-23
1092,111,333,Eureka Fire,39.75312,-120.75485,2017-09-05
1093,112,102,Evans Fire,39.71101,-120.02325,2017-06-19
1094,113,402,Extension Fire,33.8826,-117.00589,2017-10-23
1095,114,53,Fairview Fire,33.94788,-116.59719,2017-06-01
1096,115,412,Fallon Fire,37.7393,-121.85663,2017-10-17
1097,116,235,Falls Fire,37.65986,-120.31157,2017-08-01
1098,117,178,Farad Fire,39.439722,-120.027222,2017-07-10
1099,118,147,Fay Fire,41.3975,-122.8428,2017-07-05
1100,119,12,Fay Fire,35.717040000000004,-118.30601,2017-05-01
1101,120,20,Feed Fire,35.05076,-118.90004,2017-05-14
1102,121,179,Felipe Fire,37.25014,-121.68562,2017-07-10
1103,122,63,Fish Fire,37.86549,-122.2102,2017-06-05
1104,123,287,Flat Fire,36.93332,-119.43376,2017-08-26
1105,124,368,Fort Fire,38.51937,-123.24713,2017-10-07
1106,125,50,Fountain Fire ,35.89423,-119.00334,2017-05-31
1107,126,200,Fox Fire,36.18815,-118.78928,2017-07-17
1108,127,140,Freedom Fire,36.81476,-119.51592,2017-07-04
1109,128,369,Freeway Fire,40.247890000000005,-122.255,2017-10-08
1110,129,403,Freeway Fire,34.13534,-117.4982,2017-10-24
1111,130,345,French Fire,38.5758,-120.915,2017-09-17
1112,131,397,Garden Fire,39.06414,-121.13737,2017-10-10
1113,132,239,Garden Fire,35.543,-118.654,2017-07-30
1114,133,176,Garza Fire,35.93273,-120.20014,2017-07-09
1115,134,34,Gate Fire,32.65597,-116.80527,2017-05-20
1116,135,146,Globe Fire,36.10858,-118.81979,2017-07-05
1117,136,151,Gold Fire,38.20176,-120.67848,2017-07-05
1118,137,211,Gorman Fire,34.792882,-118.851943,2017-07-28
1119,138,2,Grace Fire,40.48712,-121.85645,2017-04-03
1120,139,192,Grade Fire,39.30125,-123.28825,2017-07-16
1121,140,143,Grade Fire,34.20599,-118.98603,2017-07-04
1122,141,347,Grape Fire,39.02482,-123.1362,2017-09-19
1123,142,234,Greenhorn Fire,39.16826,-120.95498,2017-07-27
1124,143,218,Grizzly Fire,39.36902,-120.97586,2017-07-21
1125,144,156,Hawk Fire,35.77896,-118.89627,2017-07-07
1126,145,306,Helena - Fork Fire,40.76025,-123.10003,2017-08-30
1127,146,188,Hidden Fire,34.149,-117.189,2017-07-12
1128,147,231,High Fire,34.412040000000005,-117.03031,2017-07-23
1129,148,105,Highway Fire,39.364,-121.4143,2017-06-22
1130,149,97,Highway Fire,35.53456,-118.66733,2017-06-18
1131,150,237,Hill Fire,41.9808,-121.9741,2017-07-29
1132,151,291,Hill Fire,36.7279,-119.28241,2017-08-27
1133,152,114,Hill Fire,35.4025,-120.4992,2017-06-26
1134,153,273,Hills Fire,33.87679,-117.00258,2017-08-19
1135,154,72,Hog Fire,35.80375,-120.52508,2017-06-09
1136,155,206,Hogback Fire,36.64404,-118.99944,2017-07-18
1137,156,101,Holcomb Fire,34.2976,-116.826,2017-06-19
1138,157,340,Hole Fire,41.98128,-124.01168,2017-09-12
1139,158,435,Holiday Fire,38.869036,-119.61865,2017-12-28
1140,159,177,Honcut Fire,39.37192,-121.53865,2017-07-10
1141,160,386,Honey Fire,39.74679,-121.67261,2017-10-09
1142,161,313,Hopper Fire,40.71923,-122.02525,2017-09-01
1143,162,351,Huasna Fire,35.122690000000006,-120.39387,2017-09-20
1144,163,16,Hub Fire,35.60001,-118.4683,2017-05-12
1145,164,203,Hudson Fire,34.94373,-119.44751,2017-07-18
1146,165,214,Humboldt Fire,39.76243,-121.74121,2017-07-19
1147,166,201,I-5 Fire,36.05187,-120.05404,2017-08-24
1148,167,398,Ice Fire,38.77921,-120.46234,2017-10-10
1149,168,240,Independence Fire,38.70289,-122.90217,2017-07-31
1150,169,278,Indian Fire,36.257,-118.296,2017-08-02
1151,170,70,Island Fire,32.779139,-114.578415,2017-06-09
1152,171,216,Jacksonville Fire,37.905545,-120.40813500000002,2017-07-29
1153,172,11,Jameson Fire,33.7866,-117.5048,2017-04-30
1154,173,355,Jasper Fire,39.03168,-121.40947,2017-09-26
1155,174,5,Jayne Fire,36.07228,-120.26561,2017-04-20
1156,175,183,Jennings Fire,32.84796,-116.85396,2017-07-11
1157,176,367,Jones Fire,40.70627,-122.24199,2017-10-08
1158,177,55,Jones Fire,41.38247,-120.53443,2017-06-03
1159,178,283,Juniper Fire,36.099681,-120.443545,2017-08-23
1160,179,141,Jurupa Fire,33.99316,-117.48405,2017-07-04
1161,180,113,King Fire,40.703775,-122.645079,2017-06-26
1162,181,83,King Fire,35.8556,-118.74542,2017-06-13
1163,182,109,King Incident,36.51912,-119.50606,2017-06-23
1164,183,144,Klamath Fire,41.86609,-122.73031,2017-07-04
1165,184,315,La Tuna Fire ,34.22957,-118.2674,2017-09-01
1166,185,376,LaPorte Fire (Wind Complex),39.39455,-121.40613,2017-10-09
1167,186,137,Lago Fire,33.877390000000005,-117.16215,2017-07-03
1168,187,92,Lake Fire,34.55607,-118.60703,2017-06-17
1169,188,149,Lake Fire,37.64898,-120.4925,2017-07-08
1170,189,142,Lakeland Fire,39.53944,-121.54722,2017-07-04
1171,190,361,Lakewood Fire,35.59302,-118.46734,2017-09-29
1172,191,43,Lamb Fire,33.882870000000004,-116.99651,2017-05-25
1173,192,94,Lambs Fire,33.90965,-116.9669,2017-06-18
1174,193,238,Largo Fire,38.538332,-121.039267,2017-07-30
1175,194,185,Lariat Fire,37.39801,-121.8179,2017-07-11
1176,195,221,Latrobe Fire,38.5181,-121.104,2017-07-26
1177,196,115,Latrobe Fire,38.45822,-120.92162,2017-06-27
1178,197,204,Laverne Fire,40.47106,-122.43608,2017-07-18
1179,198,429,Liberty Fire,33.59257,-117.14979,2017-12-07
1180,199,428,Lilac Fire,33.3237,-117.163,2017-12-07
1181,200,331,Linne Fire,35.5956,-120.56068,2017-09-26
1182,201,359,Lion Fire,36.27138,-118.48555,2017-09-27
1183,202,131,Lisa Fire,33.913089,-117.096233,2017-07-02
1184,203,401,Little Mountain Fire,34.16564,-117.33334,2017-12-05
1185,204,233,Live Fire,40.1583,-122.3209,2017-07-28
1186,205,385,Lobo Fire (Wind Complex),39.24549,-121.12792,2017-10-09
1187,206,126,Lockwood Fire,35.96275,-121.08753,2017-06-29
1188,207,421,Loma Fire,33.38613,-117.46708999999998,2017-10-13
1189,208,47,Lombardi Fire,38.19906,-120.83484,2017-05-28
1190,209,106,Lone Fire,39.38416,-121.5786,2017-06-22
1191,210,407,Long Fire,39.0199,-122.57487,2017-10-14
1192,211,184,Long Valley Fire,40.07045,-120.14013,2017-07-11
1193,212,430,Longhorn Fire,33.88994,-116.91023,2017-12-13
1194,213,24,Lonoak Fire,36.2771,-120.94328,2017-05-17
1195,214,225,Lost Fire,33.34659,-116.66107,2017-07-22
1196,215,85,Lucy Fire,35.6871,-120.3187,2017-06-14
1197,216,405,Lynch Fire,35.786159999999995,-120.96514,2017-10-13
1198,217,30,Manning Fire,36.60736,-120.5828,2017-05-19
1199,218,112,Manzanita Fire,33.530045,-116.594422,2017-06-26
1200,219,223,Marble Fire,41.478,-123.506,2017-07-19
1201,220,319,Margarita Fire,35.31886,-120.50886,2017-09-03
1202,221,197,Maria Fire,38.29113,-120.62177,2017-07-17
1203,222,307,Marlborough Fire,34.015742,-117.337331,2017-08-31
1204,223,118,Mart Fire,34.14575,-117.17813,2017-06-27
1205,224,49,Matz Fire,34.04412,-116.55326,2017-05-29
1206,225,378,McCourtney Fire (Wind Complex),39.19325,-121.08406,2017-10-09
1207,226,362,Melba Fire,33.74925,-117.10301,2017-09-29
1208,227,181,Mesa Fire,34.72379,-120.13249,2017-07-17
1209,228,400,Meyers Fire,34.21829,-117.40625,2017-12-05
1210,229,271,Mias Fire,33.95036,-116.88066,2017-08-14
1211,230,241,Mile Fire,34.19076,-117.26969,2017-07-31
1212,231,337,Miller Complex,42.039,-123.218,2017-08-14
1213,232,305,Miller Fire,40.03697,-123.64214,2017-08-31
1214,233,321,Mills File,40.13278,-120.9204,2017-09-03
1215,234,414,Milton Fire,37.89532,-120.84748,2017-10-18
1216,235,215,Minerva Fire,39.9034,-120.9761,2017-07-29
1217,236,288,Mines Fire,37.56181,-121.56425,2017-08-27
1218,237,36,Ming Fire,35.4605,-118.85896,2017-05-20
1219,238,316,Mission Fire,37.21616,-119.48067,2017-09-03
1220,239,77,Monterey Fire,36.616986,-120.369347,2017-06-11
1221,240,284,Montezuma Fire,33.20988,-116.46989,2017-08-26
1222,241,29,Moraga Fire,33.97155,-117.44148,2017-05-18
1223,242,37,Moreno Fire,33.94673,-117.17773,2017-05-23
1224,243,298,Mud Fire,40.43962,-120.22215,2017-08-29
1225,244,320,Mule Fire,39.01748,-122.49327,2017-09-05
1226,245,349,Murphy Fire,36.24653,-120.31598,2017-09-19
1227,246,199,Murphy Fire,38.86056,-122.62382,2017-07-17
1228,247,18,Nacimiento Fire,35.77082,-120.92482,2017-05-14
1229,248,190,Navajo Fire,33.77896,-117.24091,2017-07-13
1230,249,166,North Fire,40.48972,-122.38618999999998,2017-07-15
1231,250,88,Nuevo Fire,33.79925,-117.11659,2017-06-15
1232,251,264,Nuevo Fire,33.797216,-117.124538,2017-08-13
1233,252,374,Nuns / Adobe / Norrbom/ Pressley / Partrick Fires / Oakmont (Central LNU Complex),38.4041,-122.5209,2017-10-08
1234,253,129,Oak Fire,40.69554,-122.0122,2017-07-01
1235,254,427,Oak Fire,34.035344,-116.940661,2017-11-29
1236,255,408,Oakmont Fire (Central LNU Complex),38.46123,-122.58152,2017-10-14
1237,256,73,Oakwood Fire,37.0825,-119.8011,2017-06-10
1238,257,13,Olive Fire,35.78286,-120.22647,2017-05-02
1239,258,228,Olive Fire,35.7751,-120.23656,2017-07-24
1240,259,10,Opera Fire,34.00566,-117.30693,2017-04-30
1241,260,103,Orange Fire,37.82934,-120.68992,2017-06-21
1242,261,169,Orleans Complex,41.59,-123.501,2017-07-26
1243,262,1,Oroville Spillway ,39.51158,-121.55633,2017-02-07
1244,263,299,Owens Fire,41.99483,-121.90077,2017-08-29
1245,264,341,Pacific Fire,39.44257,-121.60683,2017-09-12
1246,265,422,Palm Fire,33.90327,-116.50151,2017-11-14
1247,266,318,Palmer Fire,33.974709999999995,-117.09984,2017-09-02
1248,267,48,Panoche Fire,36.61332,-120.7109,2017-05-28
1249,268,195,Park Fire,35.959109999999995,-120.55579,2017-07-17
1250,269,281,Parker 2 Fire,41.466,-120.321,2017-08-03
1251,270,174,Parkfield Fire,35.86949,-120.57894,2017-07-08
1252,271,317,Parkfield Fire,36.09486,-120.52188999999998,2017-09-03
1253,272,375,Partrick Fire (Central LNU Complex),38.31802,-122.39052,2017-10-08
1254,273,108,Paskenta Fire,40.10282,-122.27379,2017-06-24
1255,274,262,Paskenta Fire ,39.87983,-122.5415,2017-08-10
1256,275,323,Peak Fire,37.37397,-119.83556000000002,2017-09-03
1257,276,285,Peg Fire,40.80968,-120.48641,2017-08-26
1258,277,294,Pier Fire,36.15356,-118.74103,2017-08-29
1259,278,64,Pine Fire,35.564124,-118.796513,2017-06-05
1260,279,116,Pine Fire,37.9775,-122.65749,2017-06-27
1261,280,332,Pine Fire,36.17297,-120.87609,2017-09-11
1262,281,23,Pine Fire,36.1727,-120.86682,2017-05-16
1263,282,212,Placentia Fire,33.819759999999995,-117.18552,2017-07-28
1264,283,110,Placerita Fire,34.37443,-118.49343,2017-06-25
1265,284,302,Pleasant Fire,39.34292,-121.12004,2017-08-30
1266,285,76,Pleyto Fire,35.902149,-120.983684,2017-06-11
1267,286,391,Pocket Fire (Central LNU Complex),38.76549,-122.90939,2017-10-09
1268,287,380,Point Fire,38.40234,-120.52953,2017-10-09
1269,288,357,Poly Fire,35.3024,-120.65279,2017-09-26
1270,289,296,Ponderosa Fire,39.57701,-121.30209,2017-08-29
1271,290,399,Portola Fire,33.50488,-117.02132,2017-10-10
1272,291,256,Poslin Fire,39.888000000000005,-120.066,2017-08-06
1273,292,350,Power Fire,36.94652,-120.90462,2017-09-20
1274,293,382,Pozo Fire,35.28738,-120.44448,2017-10-09
1275,294,409,Pressley Fire (Central LNU Complex),38.36685,-122.64001,2017-10-09
1276,295,153,Quail Fire,35.59904,-119.08312,2017-07-06
1277,296,186,Quail Fire,38.18303,-120.85322,2017-07-12
1278,297,395,Quarry Fire,35.19008,-118.76152,2017-10-12
1279,298,104,Quimby Fire,37.33454,-121.76323,2017-06-21
1280,299,324,R-4 Fire,40.69573,-119.93498999999998,2017-08-30
1281,300,297,Railroad Fire,37.44663,-119.64622,2017-08-29
1282,301,364,Ramblin Fire,37.41231,-119.87465,2017-10-03
1283,302,219,Ranch Fire,38.559707,-120.70013,2017-07-26
1284,303,120,Ranch Fire,37.3344,-121.71752,2017-06-29
1285,304,42,Range Fire,33.34988,-117.39818,2017-05-25
1286,305,282,Range Fire,37.72543,-121.90516,2017-08-22
1287,306,32,Range Fire,35.85253,-120.80411,2017-05-19
1288,307,194,Range Fire,39.13207,-123.10227,2017-07-17
1289,308,330,Rattlesnake Fire,37.73596,-119.78256,2017-09-07
1290,309,180,Rebie Fire,39.50475,-121.33785,2017-07-12
1291,310,79,Red Fire,37.85137,-120.45268,2017-06-11
1292,311,245,Red Fire,35.40357,-120.28037,2017-08-02
1293,312,379,Redwood Valley Fire (Mendocino Lake Complex),39.24873,-123.16635,2017-10-08
1294,313,257,Reed Fire,33.57139,-116.8247,2017-08-07
1295,314,84,Reed Fire,33.52584,-116.85226000000002,2017-06-13
1296,315,75,Refuge Fire,38.68347,-122.2654,2017-06-13
1297,316,191,Reservation Fire,36.66684,-121.74826000000002,2017-07-16
1298,317,39,Ribbonwood Fire,32.679,-116.29296,2017-05-24
1299,318,366,Ridge Fire,39.15016,-122.576,2017-10-06
1300,319,249,Rincon Fire,34.23925,-117.85182,2017-08-03
1301,320,61,River Fire,40.03392,-120.1064,2017-06-04
1302,321,394,River Fire,40.46836,-123.51619,2017-10-14
1303,322,434,Riverbottom Fire,33.9885,-117.38417,2017-12-21
1304,323,418,Riverdale Fire,33.965140000000005,-117.4764,2017-12-04
1305,324,96,Road Fire,37.02081,-119.95136,2017-06-18
1306,325,208,Roadrunner Fire,36.0226,-118.94252,2017-07-30
1307,326,35,Rocky Fire,35.556667,-120.474,2017-05-20
1308,327,404,Rolling Fire,35.3091,-118.701,2017-10-15
1309,328,173,Rosado Fire,38.67474,-121.06088,2017-07-12
1310,329,242,Rose Fire,33.689091999999995,-117.396404,2017-07-31
1311,330,260,Rose Fire,34.92907,-118.9267,2017-08-10
1312,331,419,Roser Fire,39.81517,-122.28165,2017-11-02
1313,332,360,Rucker Fire,34.67403,-120.4393,2017-09-29
1314,333,45,Rusty Fire,36.96642,-119.58292,2017-05-28
1315,334,259,Ruth Complex,40.17598,-123.36882,2017-08-07
1316,335,415,Rye Fire,34.45283,-118.58188,2017-12-05
1317,336,158,Salmon-August Complex ,41.841,-123.474,2017-06-25
1318,337,196,Sand Fire,39.012240000000006,-122.20127,2017-07-17
1319,338,293,Sandra Fire,38.34421,-120.72274,2017-08-28
1320,339,243,Sandy Fire,40.79902,-123.39253,2017-08-02
1321,340,327,Sandy Fire,40.804,-123.375,2017-08-02
1322,341,247,Saw Fire,40.11794,-123.76099,2017-08-03
1323,342,226,Seine Fire,34.139,-117.199,2017-07-22
1324,343,46,Serenas Fire,33.585770000000004,-116.07429,2017-05-28
1325,344,14,Shandon Fire,35.6879,-120.3317,2017-05-07
1326,345,334,Shaver Fire,37.10067,-119.32108999999998,2017-09-11
1327,346,62,Shirleon Fire ,33.87107,-116.88097,2017-06-04
1328,347,119,Shore Fire,41.93323,-124.19629,2017-06-26
1329,348,91,Shore Fire,35.90092,-120.93371,2017-06-16
1330,349,139,Silver Fire,34.304722,-117.3125,2017-07-04
1331,350,390,Silver Fire,36.7528,-119.2288,2017-10-11
1332,351,338,Skeggs Fire,37.41591,-122.3001,2017-09-11
1333,352,335,Skeleton Fire,39.44543,-122.85193999999998,2017-09-12
1334,353,431,Skirball Fire,34.09454,-118.48178,2017-12-06
1335,354,236,Sky Fire,40.69259,-122.17383999999998,2017-07-29
1336,355,89,Skyway Fire,39.69717,-121.75417,2017-06-16
1337,356,343,Slides Fire,39.42604,-123.03343999999998,2017-09-12
1338,357,300,Slinkard Fire,38.655,-119.55425,2017-08-29
1339,358,117,Sloane Fire,32.7789,-116.8516,2017-06-27
1340,359,41,Smiley Fire,33.96419,-117.20507,2017-05-21
1341,360,95,Smiley Fire,33.98639,-117.21314,2017-06-18
1342,361,336,Soda Fire,40.07613,-121.56858,2017-09-28
1343,362,424,Soda Fire,35.411120000000004,-120.00353,2017-10-20
1344,363,6,Soledad Fire,36.44141,-121.34695,2017-04-24
1345,364,15,Sonoma Fire,36.45491,-120.2445,2017-05-10
1346,365,270,South Fork Fire,37.538,-119.598,2017-08-14
1347,366,189,Spaletta Fire,38.08055,-122.77846,2017-07-12
1348,367,229,Spenceville Fire,39.06522,-121.3519,2017-07-24
1349,368,133,Spring Fire,37.4591,-119.921,2017-07-02
1350,369,60,Spring Fire ,40.38944,-122.13088,2017-06-04
1351,370,90,Springs Fire,33.939428,-117.138741,2017-06-16
1352,371,252,Stewart Fire,34.009026,-117.239099,2017-08-04
1353,372,128,Stokes Fire,34.10446,-118.70293999999998,2017-06-29
1354,373,170,Stone Fire,35.42433,-120.47322,2017-07-09
1355,374,384,Sulphur Fire (Mendocino Lake Complex),39.01387,-122.64543,2017-10-08
1356,375,310,Summit Complex,38.329,-119.782,2017-07-31
1357,376,202,Sway Fire,40.39799,-123.57562,2017-08-01
1358,377,406,Table Fire,38.848,-120.287,2017-10-13
1359,378,328,Table Fire,37.896778000000005,-120.504134,2017-09-19
1360,379,31,Taglio Fire,37.21812,-121.07761,1969-12-31
1361,380,383,Tank Fire,35.21556,-118.56578,2017-10-26
1362,381,125,Tarina Fire ,35.38298,-118.80123,2017-06-30
1363,382,389,Tehama Fire,40.02261,-121.91425,2017-10-26
1364,383,417,Thomas Fire,34.415209999999995,-119.09123999999998,2017-12-04
1365,384,261,Tilton Fire,37.14653,-121.68165,2017-08-11
1366,385,135,Timber Fire,33.96896,-117.25411,2017-07-03
1367,386,363,Timm Fire,38.43658,-121.97233,2017-10-02
1368,387,78,Tivy Fire,36.8005,-119.35901,2017-06-11
1369,388,100,Toll Fire,38.07481,-122.23004,2017-06-22
1370,389,276,Toll Fire,39.9864,-120.89746,2017-08-20
1371,390,127,Topanga Fire,34.03941,-118.58624,2017-06-29
1372,391,9,Tower Fire,34.30104,-117.45646,2017-04-30
1373,392,163,Tower Fire,35.346,-120.62825,2017-07-07
1374,393,292,Translator Fire,41.02705,-123.63721,2017-08-28
1375,394,98,Trellis Fire,33.71025,-117.31924,2017-06-18
1376,395,373,Tubbs Fire (Central LNU Complex),38.60895,-122.62879,2017-10-08
1377,396,8,Tumey Fire,36.5355,-120.6585,2017-04-29
1378,397,51,Twenty Fire,39.23205,-121.376,2017-05-29
1379,398,210,Twist Fire,37.90014,-120.36005,2017-07-30
1380,399,138,Valley Fire,36.85596,-121.30983,2017-07-04
1381,400,80,Valley Fire,33.584036,-116.97203600000002,2017-06-13
1382,401,56,Vernon Fire,33.82165,-116.96079,2017-06-03
1383,402,286,Vestal Fire,40.29831,-122.70449,2017-08-26
1384,403,423,Vista Fire,34.34949,-119.30918,2017-10-24
1385,404,255,W-2 Fire,41.119890000000005,-120.74968,2017-08-06
1386,405,161,Wall Fire,39.453520000000005,-121.41222,2017-07-07
1387,406,266,Ward Fire,41.99279,-122.9401,2017-08-13
1388,407,246,Warner Mountain Lightning,41.338,-120.304,2017-07-23
1389,408,187,Washington Fire,33.62613,-117.07975,2017-07-13
1390,409,38,Wasioja Fire,34.9465,-119.8036,2017-05-20
1391,410,222,Weller Fire,37.44485,-121.84108,2017-07-26
1392,411,172,West Fire,39.06308,-121.303,2017-07-08
1393,412,3,West Fire,41.16716,-120.58342,2017-04-03
1394,413,86,Westfall Fire,37.36914,-120.0088,2017-06-15
1395,414,66,Whitepine Fire,41.8721,-122.4571,2017-06-06
1396,415,167,Whittier Fire,34.55096,-119.9494,2017-07-08
1397,416,65,Wilbur Fire,39.52499,-121.64897,2017-06-06
1398,417,74,Wild Fire,36.704679,-120.405077,2017-06-11
1399,418,388,Wildomar Fire,33.602470000000004,-117.34192,2017-10-26
1400,419,213,Willms Fire,37.81827,-120.65764,2017-07-18
1401,420,171,Willow Fire,38.02929,-122.25544,2017-07-08
1402,421,396,Wilson Fire,33.18716,-116.50897,2017-10-15
1403,422,393,Wilson Fire,34.22551,-118.05545,2017-10-17
1404,423,152,Winters Fire,38.49521,-122.0251,2017-07-06
1405,424,227,Woodland Fire,38.69775,-120.73757,2017-07-25
1406,425,17,Wright Fire,36.96655,-120.89261,2017-05-12
1407,426,265,Yankee Fire,35.7908,-120.77485,2017-08-11
1408,427,410,York Fire,36.5858,-121.80377,2017-10-15
1409,428,280,Young Fire,41.853,-123.676,2017-08-07
1410,429,217,Zenon Fire,35.06472,-120.5634,2017-07-20
1411,0,160,3-10 Fire,40.95234,-121.21597,2018-07-15
1412,1,164,3-16 Fire,40.94666,-121.27049,2018-07-15
1413,2,163,3-18 Fire,41.08583,-121.05722,2018-07-15
1414,3,158,3-2 Fire,39.99309,-120.02137,2018-07-14
1415,4,78,70 Fire,39.602703000000005,-121.617698,2018-06-14
1416,5,35,70th Fire,33.53924,-116.10231,2018-05-28
1417,6,297,Adams Fire,40.346652,-122.308479,2018-11-05
1418,7,53,Adobe Fire,32.78031,-117.06782,2018-06-03
1419,8,27,Ager Fire,41.791859,-122.513883,2018-05-19
1420,9,30,Agua Fire,33.35505,-117.03134,2018-05-22
1421,10,57,Airline Fire,36.40755,-120.99322,2018-06-04
1422,11,234,Alhambra Fire,37.99618,-122.14097,2018-08-17
1423,12,44,Aliso Fire,33.551320000000004,-117.72044,2018-06-02
1424,13,18,Alpha Fire,33.389425,-117.502405,2018-05-04
1425,14,114,Anchor Fire,36.696879,-119.304499,2018-06-27
1426,15,66,Apple Fire,39.94355,-122.3571,2018-06-09
1427,16,0,Aqueduct Fire,35.92436,-119.94083,2018-04-12
1428,17,203,Balch Fire,36.21634,-118.82989,2018-07-27
1429,18,96,Bascom Fire,40.52909,-122.17457,2018-06-23
1430,19,65,Bear Fire,37.33924,-120.24315,2018-06-07
1431,20,309,Bear Fire ,37.12857,-122.12036,2018-11-16
1432,21,71,Beaver Fire,36.37532,-120.862579,2018-06-12
1433,22,29,Bellagio Fire,38.16303,-122.23059,2018-05-21
1434,23,173,Ben Fire,37.28365,-119.97546,2018-07-19
1435,24,125,Benton Fire,33.56349,-116.732032,2018-07-04
1436,25,47,Black Fire,39.80827,-122.3307,2018-06-03
1437,26,265,Boot Fire,38.347395,-119.45186,2018-09-04
1438,27,168,Border Fire,32.557565999999994,-116.8663,2018-07-17
1439,28,153,Box Fire,34.22526,-117.40967,2018-07-06
1440,29,83,Boyer Fire,37.47677,-119.84299,2018-06-15
1441,30,205,Breckenridge Fire,35.387408,-118.817934,2018-07-27
1442,31,227,Bridge Fire,38.07135,-122.76751000000002,1969-12-31
1443,32,138,Bridle Fire,37.06367,-121.53586,2018-07-06
1444,33,77,Bridle Fire,33.524412,-116.821724,2018-06-14
1445,34,307,Briggs Fire,34.30166667,-119.09916667,2018-11-15
1446,35,150,Bruce Fire,37.79718,-121.85311000000002,2018-07-08
1447,36,295,Brushy Fire,39.62194,-123.28774,2018-11-08
1448,37,130,Buckingham Fire,37.86339,-122.12351,2018-07-02
1449,38,131,Building Fire,32.619855,-116.764733,2018-07-06
1450,39,218,Bumper Fire,38.645,-120.874167,2018-08-01
1451,40,212,Butte Fire,39.186144,-121.792885,2018-07-31
1452,41,251,Cache Fire,39.02017,-122.57496,2018-08-26
1453,42,244,Call Fire,35.51777778,-118.6525,2018-08-18
1454,43,291,Camino Fire,35.17693,-120.48861,2018-10-19
1455,44,296,Camp Fire,39.8134,-121.4347,2018-11-08
1456,45,167,Camp Fire,35.70086,-120.97339,2018-07-17
1457,46,101,Canyon Fire,34.53765,-118.75495,2018-06-23
1458,47,178,Carder Fire,38.91152,-122.86854,2018-07-21
1459,48,184,Carr Fire,40.65428,-122.62357,2018-07-23
1460,49,217,Casner Fire,33.05737,-116.77154,2018-08-06
1461,50,243,Castro Fire,37.69926,-122.02805,2018-08-26
1462,51,271,Charlie Fire,34.48229,-118.60858,2018-09-22
1463,52,118,Cherry Fire,41.83359,-122.99272,2018-06-27
1464,53,87,China Fire,38.265645,-120.892404,2018-06-17
1465,54,36,Chrome Fire,39.65578,-122.58666,2018-05-28
1466,55,67,Chrome Fire,39.64978,-122.58218,2018-06-09
1467,56,190,Church Fire,37.07793,-121.600023,2018-07-25
1468,57,174,Cinnamon Fire,33.04898,-116.78928,2018-07-20
1469,58,239,Cloverdale Fire,33.0971179,-117.0242529,2018-08-13
1470,59,33,Cobble Fire,36.75581,-119.42172,2018-05-26
1471,60,46,Coldwell Fire,36.10499,-120.55324,2018-06-02
1472,61,273,Copper Fire,40.33642,-120.93005,2018-09-22
1473,62,215,Corner Fire,40.95673,-121.6002,2018-07-29
1474,63,154,Cornerstone Fire,37.198170000000005,-119.80414,2018-07-09
1475,64,181,Country Fire,37.449425,-121.88807,2018-07-22
1476,65,249,Country Fire,33.97902,-117.20534,2018-08-25
1477,66,124,County Fire,38.80583,-122.18183,2018-06-30
1478,67,104,Creek Fire,40.50318,-122.42308,2018-06-24
1479,68,85,Creek Fire,38.886518,-122.476381,2018-06-16
1480,69,200,Creek Fire,37.533026,-121.79733,2018-08-04
1481,70,123,Creek Fire,34.17711,-117.15381,2018-06-30
1482,71,95,Creek Fire,35.05747,-120.39295,2018-06-21
1483,72,188,Crestline Fire,40.824,-121.90215,2018-07-24
1484,73,79,Creston FIre,35.58354,-120.624135,2018-06-14
1485,74,170,Cruces Fire,34.54305556,-120.31805556,2018-07-18
1486,75,144,Curie Fire,37.22545,-121.79189,2018-07-10
1487,76,156,Dale Fire,40.33682,-121.93908,2018-07-09
1488,77,143,Dark Fire,39.66492,-121.51772,2018-07-10
1489,78,258,Delta Fire,40.9425,-122.43,2018-09-05
1490,79,90,Dinosaur Fire,37.05876,-121.176354,2018-06-17
1491,80,208,Donnell Fire,38.349,-119.929,2018-08-01
1492,81,136,Eagle Fire,41.29363,-120.11461,2018-07-13
1493,82,281,Eagle Fire,36.938674,-119.3127769,2018-10-02
1494,83,58,Eastern Fire,36.378333000000005,-120.901167,2018-06-04
1495,84,248,Eastman Fire,37.197039,-120.002619,2018-08-23
1496,85,214,Eel Fire,39.82877,-123.08489,2018-07-31
1497,86,171,Eighty Eight Fire,38.59694444,-121.99388889,2018-07-18
1498,87,256,Essex Fire,41.52123,-120.72362,2018-09-02
1499,88,49,Ethanac Fire,33.742,-117.28189,2018-06-03
1500,89,74,Euclid Fire,33.925862,-117.654299,2018-06-12
1501,90,31,Experimental Fire,37.0979,-119.75307,2018-05-23
1502,91,50,Fairview Fire,36.83036,-121.36446,2018-06-03
1503,92,141,Ferguson Fire,37.6549,-119.88581,2018-07-13
1504,93,226,Five Fire,35.97896,-119.98329,2018-08-06
1505,94,111,Flat Fire,40.60402,-122.9144,2018-06-28
1506,95,105,Flat Fire,37.80785,-120.30187,2018-06-24
1507,96,253,Fork Fire,34.2325,-117.846111,2018-09-09
1508,97,116,Fox Fire,35.33916,-120.71488,2018-06-26
1509,98,15,French Fire,39.89075,-120.18498999999998,2018-04-26
1510,99,246,Front Fire,35.11416667,-120.09222222,2018-08-19
1511,100,148,Georges Fire,36.6734,-118.21881,2018-07-08
1512,101,43,Glen Fire,37.99113,-121.86473,2018-06-02
1513,102,245,Gorge Fire,40.36888889,-122.89055556,2018-08-19
1514,103,254,Grade Fire,38.8275,-122.3625,2018-08-30
1515,104,48,Grande Fire,33.47413,-117.31468,2018-06-03
1516,105,39,Grant Fire,37.75375,-121.57918,2018-05-30
1517,106,120,Grant Fire,38.595865,-121.17693,2018-06-29
1518,107,5,Grant Fire,37.73835,-121.6039,2018-05-14
1519,108,151,Grant Fire,37.75646,-121.60646,2018-07-08
1520,109,23,Grape Fire,40.70258,-123.55012,2018-04-24
1521,110,140,Gray Fire,34.171786,-117.35606,2018-07-13
1522,111,54,Green Fire,32.75072,-116.92404,2018-06-03
1523,112,304,Green Hill Fire,40.888785,-124.001849,2018-11-12
1524,113,240,Gulch Fire,36.00912,-120.82226,2018-08-11
1525,114,145,Hale Fire,37.163594,-121.702547,2018-07-10
1526,115,16,Happy Fire,34.74245,-120.18236,2018-05-17
1527,116,232,Hat Fire,40.99344,-121.52225,2018-08-09
1528,117,2,Haycamp Fire,35.96689,-121.28185,2018-02-07
1529,118,182,Heart Fire,39.279833,-123.258319,2018-07-21
1530,119,193,Hidden Fire,36.796,-121.40604,2018-07-25
1531,120,176,Highland Fire,40.741186,-122.649626,2018-07-20
1532,121,300,Hill Fire,34.22685,-118.93444,2018-11-08
1533,122,229,Hirz Fire,40.896,-122.219,2018-08-09
1534,123,137,Holiday Fire,34.463889,-119.831389,2018-07-06
1535,124,222,Holy Fire,33.69888,-117.52055,2018-08-06
1536,125,302,Honey Flooding,39.71217,-121.77385,2018-11-29
1537,126,298,Horn Fire,40.83116,-120.19336,2018-11-08
1538,127,183,Horse Creek Fire,36.42638,-118.70443,2018-07-19
1539,128,106,Horse Fire,37.95766,-120.68902,2018-06-24
1540,129,117,Hyatt Fire,40.316137,-120.45053,2018-06-27
1541,130,157,Idria Fire,36.59036,-120.82355,2018-07-12
1542,131,134,Irish Fire,38.42623,-120.95408,2018-07-06
1543,132,92,Iron Fire,37.779209,-121.908976,2018-06-19
1544,133,284,Iron Gate Fire,41.94046,-122.43933,2018-10-10
1545,134,267,Irving Fire,38.02447,-122.727,2018-09-10
1546,135,17,Jacques Fire,33.40178,-117.27467,2018-05-09
1547,136,152,James Loop Fire,39.05391,-119.82242,2018-07-09
1548,137,45,Jardin Fire,33.450140000000005,-117.22215,2018-06-02
1549,138,26,Jelly Fire,40.31759,-122.21032,2018-05-18
1550,139,161,Johnson Fire,41.34453,-123.85404,2018-07-15
1551,140,293,June Fire,39.36529,-121.51707,2018-10-30
1552,141,34,Keeler Fire,37.21803,-121.76828,2018-05-27
1553,142,279,Keenbrook Fire,34.24138,-117.42431,2018-09-26
1554,143,247,Keller Fire,33.627006,-117.171731,2018-08-19
1555,144,146,Kelley Fire,41.50105,-120.61108,2018-07-14
1556,145,259,Kelsey Fire,38.918420000000005,-122.85276,2018-09-03
1557,146,264,Kerlin Fire,40.616251,-123.52019,2018-09-04
1558,147,133,Klamathon Fire,41.893332,-122.534655,2018-07-05
1559,148,14,Lago Fire,33.887440000000005,-117.16232,2018-04-22
1560,149,230,Land Fire,33.946896,-117.066643,2018-08-22
1561,150,97,Lane Fire,40.35068,-121.77867,2018-06-23
1562,151,126,Lariat Fire,40.00293,-122.44008,2018-07-14
1563,152,142,Lebec Fire,34.86022,-118.87881000000002,2018-07-08
1564,153,64,Liberty Fire,38.24033,-121.09199,2018-06-11
1565,154,113,Lions Fire,37.571,-119.118,2018-06-11
1566,155,110,Llano Fire,39.6139,-121.954098,2018-06-29
1567,156,169,Lott Fire,41.632373,-122.37985,2018-07-17
1568,157,40,Madison FIre,38.64953,-122.01762,2018-06-01
1569,158,24,Main Fire,33.67815,-117.32281,2018-04-28
1570,159,237,Marcel Fire,35.17156,-118.51651,2018-08-17
1571,160,292,Market Fire,36.47766,-119.10433,2018-10-24
1572,161,192,Marsh Fire,37.89612,-121.85847,2018-07-25
1573,162,52,Martin Fire,41.58233,-122.33769,2018-06-03
1574,163,186,Martinez Fire,33.56921,-116.154398,2018-07-23
1575,164,289,Masonic Fire,40.60866,-122.38366,2018-10-14
1576,165,11,Meadow Fire,33.86439,-117.48144,2018-04-09
1577,166,56,Meamber Fire,41.64805,-122.98442,2018-06-04
1578,167,266,Metz Fire,36.35502,-121.1563,2018-09-13
1579,168,270,Meyers Fire,38.7448,-120.65672,2018-09-20
1580,169,166,Mill Creek 1 Fire,41.079440000000005,-123.688056,2018-08-16
1581,170,68,Mission Fire,37.97638,-122.5275,2018-06-09
1582,171,22,Moffat Fire,36.71537,-118.08449,2018-04-19
1583,172,303,Morgan Fire,37.81111,-121.7944,2018-11-15
1584,173,225,Murphy Fire,39.996944,-121.27,2018-08-07
1585,174,180,Mustang Fire,35.64917,-120.71907,2018-07-21
1586,175,280,Nacimiento Fire,35.97677,-121.24898,2018-10-02
1587,176,207,Natchez Fire,41.95113,-123.54642,2018-07-15
1588,177,19,Nees Fire,36.85156,-120.77206,2018-05-02
1589,178,236,Nelson Fire,38.431278000000006,-122.043747,2018-08-10
1590,179,306,Niles Fire,37.61158,-121.94182,2018-11-14
1591,180,277,Nimshew Fire,39.84151,-121.62168,2018-09-24
1592,181,260,North Fire,39.268611,-120.658333,2018-09-03
1593,182,299,Nurse Fire,38.21396,-121.9424,2018-11-08
1594,183,59,ONeals Fire,37.10181,-119.623981,2018-06-04
1595,184,238,Oak Fire,39.10494,-121.07039,2018-08-12
1596,185,272,Oak Fire,37.387890000000006,-119.68912,2018-09-22
1597,186,255,Ogilvy Fire,34.576944,-119.61416,2018-09-01
1598,187,219,Omega Fire,38.82128,-121.03918,2018-08-01
1599,188,41,Open Fire,39.46543,-122.65582,2018-06-01
1600,189,84,Oregon Fire,39.549167,-121.521111,2018-06-16
1601,190,209,Owens Fire,37.735461,-118.970443,2018-07-31
1602,191,61,Pallet Fire,38.245151,-122.44408,2018-06-05
1603,192,147,Panoche Fire,36.65351,-121.0454,2018-07-11
1604,193,60,Panoche Fire,36.64832,-121.03253,2018-06-04
1605,194,119,Par Fire,39.491737,-121.637759,2018-07-04
1606,195,283,Park Fire,37.1769444,-121.68694444,2018-10-07
1607,196,198,Parrots Fire,38.08424,-120.46078,2018-08-05
1608,197,196,Pasqual Fire,33.078920000000004,-116.91845,2018-07-27
1609,198,7,Patterson Fire,33.62924,-117.05992,2018-05-17
1610,199,194,Patterson Fire,37.71173,-121.55604,2018-07-25
1611,200,100,Pawnee Fire,39.0674,-122.59848,2018-06-23
1612,201,108,Peach Fire ,39.038859,-123.38493,2018-07-05
1613,202,308,Peak Fire,34.26734825,-118.64381589,2018-11-12
1614,203,128,Petersburg Fire,41.085,-123.051,2018-07-01
1615,204,185,Pico Fire,34.380390000000006,-118.60441000000002,2018-07-23
1616,205,228,Pine Fire,35.56888889,-118.80138889,2018-08-16
1617,206,81,Planada Fire,37.39339,-120.34207,2018-06-15
1618,207,28,Plaza Fire,37.056944,-121.01638,2018-05-20
1619,208,3,Pleasant Fire,37.40208,-118.50235,2018-02-18
1620,209,42,Plymire Fire,40.201826,-122.29388,2018-06-01
1621,210,75,Portola Fire ,34.110516,-118.42788600000002,2018-06-12
1622,211,290,Powellton Fire,39.93427,-121.54103,2018-10-15
1623,212,287,Priest Fire,36.18401,-120.69955,2018-10-13
1624,213,276,Quimby Fire,37.33563,-121.75815,2018-09-23
1625,214,202,Ranch Fire (Mendocino Complex),39.243283,-123.103367,2018-07-27
1626,215,262,Ranchera Fire,40.678889,-122.400556,2018-09-04
1627,216,93,Ranchita Fire,35.77017,-120.57833,2018-06-19
1628,217,231,Rangeland Fire,33.076239,-116.90298500000002,2018-08-09
1629,218,82,Raymond Fire,37.14663,-119.91223,2018-06-15
1630,219,63,Recycle Fire,32.63046,-116.46674,2018-06-06
1631,220,250,Redinger Fire,37.179167,-119.431667,2018-08-27
1632,221,216,Reservoir Fire,35.30151,-120.64398,2018-09-16
1633,222,51,Resort Fire,35.75737,-120.91793,2018-06-03
1634,223,197,Ribbon Fire,33.571763,-116.500058,2018-07-26
1635,224,187,Ridge Fire,38.981389,-122.97222,2018-09-02
1636,225,294,Rincon Fire,37.0125,-122.046,2018-11-03
1637,226,241,River Fire,35.79012,-118.7393,2018-08-15
1638,227,204,River Fire (Mendocino Complex),39.04786,-123.11971,2018-07-27
1639,228,10,Rock Fire,40.4635,-121.77419,2018-03-27
1640,229,211,Rock Fire,33.41476,-117.24044,2018-07-28
1641,230,179,Rock Fire,35.685390000000005,-120.95157,2018-07-21
1642,231,107,Romero Fire,37.08529,-121.09354,2018-06-24
1643,232,189,Roxie Fire (Formerly 1-1 Fire),40.34822,-120.82497,2018-07-24
1644,233,70,Sam Fire,35.9352,-121.11936,2018-06-09
1645,234,112,San Ardo,35.95515,-120.86256000000002,2018-06-26
1646,236,73,Santiago Fire,33.787838,-117.746625,2018-06-11
1647,237,127,School Fire,37.22791,-119.50461,2018-07-10
1648,239,13,Shastina Fire,41.65935,-122.48556,2018-05-09
1649,240,103,Sheep Fire,35.1234,-118.72905,2018-06-29
1650,241,132,Shingle Fire,38.539806,-121.059979,2018-07-04
1651,242,115,Shippee Fire,39.59872,-121.78208,2018-06-26
1652,243,98,Sierra Fire,40.12791,-122.19792,2018-06-23
1653,244,305,Sierra Fire,34.18075,-117.43184,2018-11-13
1654,245,275,Silver Fire,40.5939,-122.17173,2018-09-28
1655,246,172,Simmons Fire,39.57202,-121.43131,2018-07-19
1656,247,175,Skyline Fire,33.836101,-117.607577,2018-07-19
1657,248,261,Sliger Fire,38.94388,-120.92611,2018-09-04
1658,249,235,Snell Fire,38.69601,-122.44468,2018-09-08
1659,250,269,Soboba Fire,33.80406,-116.93188,2018-09-14
1660,251,210,Sobrante Fire,33.85852,-117.43521,2018-07-28
1661,252,224,South Fire,38.061298,-120.872244,2018-08-06
1662,253,69,South Fire,37.97638,-122.5275,2018-06-09
1663,254,155,Spring 2 Fire,39.06715,-122.59789,2018-07-09
1664,255,76,Spring Fire,40.394073,-122.135924,2018-06-13
1665,256,159,Steamboat Fire,41.70877,-122.47293,2018-07-15
1666,257,213,Steele Fire,38.51943,-122.18353,2018-07-28
1667,258,257,Sterling,34.15475,-117.244366,2018-08-31
1668,259,99,Stoll Fire,40.18395,-122.27573999999998,2018-06-23
1669,260,55,Stone Fire,34.5486,-118.31138,2018-06-04
1670,261,242,Stone Fire,41.38544,-121.04386,2018-08-15
1671,262,139,Stoney Fire,39.77124,-121.76859,2018-07-12
1672,263,102,Stony Fire,39.2976,-122.512012,2018-07-04
1673,264,37,Stuhr Fire,37.32744,-121.10903,2018-05-29
1674,265,282,Sun Fire,40.22027778,-122.18,2018-10-07
1675,266,220,Sunset Fire,38.82426,-121.451307,2018-08-01
1676,267,233,Syar Fire,38.272290000000005,-122.26389,2018-08-09
1677,268,201,Tarina Fire,35.37444,-118.83556000000002,2018-08-03
1678,269,223,Terra Fire,33.759722,-117.460278,2018-08-06
1679,270,122,Tesla Fire,37.66074,-121.67144,2018-06-29
1680,271,20,Tornado Fire,33.504964,-117.148204,2018-05-04
1681,272,288,Tower Fire,40.49618,-122.51597,2018-10-14
1682,273,263,Tulloch Fire,37.83388,-120.61746,2018-09-08
1683,274,80,Tumbleweed Fire,40.3768,-120.36403,2018-06-14
1684,275,221,Turkey Fire,35.847778000000005,-120.343056,2018-08-06
1685,276,165,Tuscan Fire,40.27754,-122.11375,2018-07-15
1686,277,8,Tyler Fire,33.711263,-116.164058,2018-04-15
1687,278,88,Upper Colony Fire,38.834395,-119.416746,2018-06-17
1688,279,89,Vallecitos Fire,37.627119,-121.806775,2018-06-17
1689,280,121,Valley Fire,37.947140000000005,-121.9921,2018-06-29
1690,281,135,Valley Fire,34.095568,-116.958806,2018-07-06
1691,282,38,Vineyard Fire,35.71859,-120.64028,2018-05-29
1692,283,62,Vista Fire,33.40769,-117.22974,2018-06-05
1693,284,72,Vista Fire,35.663607,-120.670311,2018-06-13
1694,285,149,Vista Fire,40.62693,-122.23449,2018-07-08
1695,286,12,Volcan Fire,33.12213,-116.58759,2018-05-10
1696,287,199,Wagner Fire,37.69965,-120.0545,2018-08-04
1697,288,268,Water Fire,34.91482,-118.92485,2018-09-12
1698,289,32,Water Fire,35.56922,-120.12441,2018-05-24
1699,290,109,Waverly Fire,38.052055,-120.945482,2018-06-29
1700,291,129,West Fire,32.833674,-116.7311,2018-07-06
1701,292,195,Western Fire,38.8802,-123.0496,2018-08-01
1702,293,206,Whaleback Fire,40.633536,-120.868091,2018-07-27
1703,294,91,Wheeler Fire,37.707234,-120.19916200000002,2018-06-18
1704,295,25,White Fire,35.826333,-118.9821,2018-05-18
1705,296,86,Willow Fire,38.015323,-121.998967,2018-06-16
1706,297,274,Wilson Fire,40.34256,-121.43025,2018-09-28
1707,298,252,Winchester Fire,33.640051,-117.085354,2018-08-27
1708,299,177,Windmill Fire,34.62412,-120.22298,2018-07-20
1709,300,286,Winters Fire,38.45673,-121.94658,2018-10-12
1710,301,21,Woodchuck Fire,33.467999,-117.003829,2018-05-04
1711,302,301,Woolsey Fire,34.235,-118.70128,2018-11-08
1712,303,94,Yankee Fire,35.736290000000004,-120.75593,2018-06-20
